"Chapter","hanzi","pinyin","mandarin_意义","英文意义","词性","搭配","色彩","example_sentence","example_sentence_en","usage_note","common_errors","related_words"
"Chapter 5","督促","dūcù","监督并催促。","supervise and urge","动","～学习；表达～；尊重～","中性","家长应该督促孩子按时完成作业。","Parents should urge their children to finish homework on time.","Pushing for action.","","催促"
"Chapter 5","考级","kǎo jí","参加专业定级考试。","take a grade exam","动","参加钢琴～；一片～；理解～","中性","很多家长在暑假期间带孩子去参加钢琴考级。","Many parents take their children for piano grade exams during summer break.","Standardized skill testing.","","考试"
"Chapter 5","奢望","shēwàng","过高的希望。","wild hope; extravagant demand","名","不敢～；～太高；降低～","贬义","对他来说，能吃顿饱饭就是一种奢望。","For him, being able to eat a full meal is an extravagant hope.","Unrealistic expectation.","","期望"
"Chapter 5","熏陶","xūntáo","长期接触好的事物而受到影响。","influence (positively); nurture","动","受到～；艺术～；在…环境中～","褒义","他从小在书香门第长大，受到很好的传统文化熏陶。","He grew up in a scholarly family and received a fine traditional cultural influence.","Gradual positive influence over time.","","感染"
"Chapter 5","高雅","gāoyǎ","高尚，不庸俗。","refined; elegant","形","～的艺术；～情趣；举止～","褒义","这家音乐厅经常举办高雅艺术演出。","This concert hall often hosts refined artistic performances.","Describes taste, art, or manner.","","文雅"
"Chapter 5","就业","jiùyè","得到职业，参加工作。","employment; get a job","动","～机会；～问题；～形势","中性","政府正在努力通过多种渠道解决大学生就业问题。","The government is working hard to solve graduate employment through various channels.","Joining the workforce.","","失业"
"Chapter 5","意愿","yìyuàn","愿望，心愿。","aspiration; desire","名","尊重个人～；表达～；个人～","中性","我们应该尊重孩子选择专业的个人意愿。","We should respect children's personal aspirations when choosing a major.","One's own will.","","愿望"
"Chapter 5","苦心","kǔxīn","辛苦地用在某些事上的心思。","painstaking effort","名","一片～；辜负～；体会～","褒义","父母的这一片苦心，你现在还不能完全理解。","You can't fully understand your parents' painstaking efforts yet.","Great care and thought.","","操心"
"Chapter 5","期望值","qīwàng zhí","希望的程度。","expectation level","名","～过高；提高～；降低～","中性","如果期望值定得太高，很容易产生挫败感。","If the expectation level is set too high, it's easy to feel frustrated.","Degree of hope.","","期望"
"Chapter 5","鹏程万里","péngchéng wànlǐ","比喻前程非常远大。","have a bright future ahead","祝福","祝你～；～的祝福；前程～","褒义","祝你学业进步，鹏程万里。","I wish you academic progress and a bright future ahead.","Common congratulatory idiom.","","前程似锦"
"Chapter 5","料","liào","预料；估计。","expect; anticipate","动","没～到；～事如神；～不到","中性","我料他今天不会来，没想到他提前到了。","I expected he wouldn't come today, but he arrived early.","Often used with 没/不.","","不料"
"Chapter 5","尽力而为","jìnlì ér wéi","用尽全力去做。","do one's best","动","只能～；～地去试；～做好","褒义","考试结果如何，只要尽力而为就没有遗憾。","Whatever the exam result, as long as you do your best, you will have no regrets.","Emphasizes effort, not outcome.","","全力以赴"
"Chapter 5","但愿","dànyuàn","只希望。","I only hope; if only","副","～如此；～平安；～你能成功","中性","但愿明天的天气晴朗，我们的活动能顺利进行。","I only hope the weather is clear tomorrow so our activity can go smoothly.","Expresses a sincere wish.","","希望"
"Chapter 5","成才","chéngcái","成为人才。","become a useful person","动","培养～；～之路；望子～","褒义","父母辛苦工作，就是为了供孩子读书成才。","Parents work hard just to support their children's education and success.","Achieving potential.","","成功"
"Chapter 5","包办","bāobàn","全部承担办理；也指家长替子女决定一切。","take charge of everything; arrange for someone","动","父母～；～婚姻；～一切","贬义","父母不应该包办孩子的所有人生选择。","Parents should not arrange every life choice for their children.","Often implies overcontrol.","","代劳"
"Chapter 5","心甘情愿","xīn gān qíng yuàn","从心底愿意。","be perfectly willing","动","～地付出；～吃苦；～奉献","中性","为了能让孩子受到更好的教育，父母心甘情愿吃苦。","To give their child a better education, parents are perfectly willing to endure hardship.","Total willingness.","","情愿"
"Chapter 5","心态","xīntài","心理状态。","mindset; attitude","名","调整～；保持～；积极～","中性","面对困难，保持一个积极乐观的心态很重要。","When facing difficulties, maintaining a positive and optimistic mindset is important.","State of mind.","","心理"
"Chapter 5","传授","chuánshòu","把知识、技艺教给别人。","pass on (knowledge)","动","～经验；～技艺；～知识","中性","老教授无私地向年轻人传授学术知识。","The old professor selflessly passed on academic knowledge to young people.","Teaching skills/wisdom.","","教授"
"Chapter 5","撒手","sāshǒu","放开手；不管不问。","wash one's hands of; let go","动","～不管；学会～；～离去","中性","孩子已经长大了，父母应该学会撒手。","The children have grown up; parents should learn to let go.","Quitting responsibility.","","不管"
"Chapter 5","强加","qiángjiā","强行加上。","impose; force upon","动","～于人；～观点；～意愿","贬义","父母不应把自己的愿望强加给孩子。","Parents should not impose their own wishes on their children.","Suggests lack of respect for others' will.","","强迫"
"Chapter 5","足够","zúgòu","达到应有的量。","enough; sufficient","形","～的理由；～于…；～的","中性","只要有足够的信心，就没有克服不了的困难。","As long as there is sufficient confidence, no difficulty is insurmountable.","Adequate quantity.","","充足"
"Chapter 5","后劲","hòujìn","事物完成后所表现的力量。","after-effect; lingering power","名","有力～；酒有～；～十足","中性","这种酒的后劲很大，喝的时候要小心。","This wine has a strong after-effect; be careful when drinking.","Continuing impact.","","后力"
"Chapter 5","揠苗助长","yà miáo zhù zhǎng","比喻违反规律、急于求成反而坏事。","spoil things by rushing growth (lit. pull up seedlings)","动","简直是～；～的做法；不可～","贬义","学习要循序渐进，揠苗助长只会适得其反。","Learning should be gradual; rushing progress only backfires.","Classic caution against impatience.","","急于求成"
"Chapter 5","神童","shéntóng","智力特别高的儿童。","child prodigy","名","小～；被誉为～；～儿童","褒义","他在数学竞赛中的表现，被大家称为神童。","His performance in the math competition led people to call him a prodigy.","Often used for gifted children.","","天才"
"Chapter 5","了不得","liǎobude","了不起；也形容程度很深。","remarkable; terribly (degree)","形","真～；～的成绩；没什么～","口语","这孩子才五岁就会背几十首诗，真了不得。","This child can recite dozens of poems at five—remarkable.","Can praise or emphasize degree.","","了不起"
"Chapter 5","体验","tǐyàn","通过实践认识事物。","experience (firsthand)","动","～生活；亲身～；～一下","中性","作家经常去农村体验生活，寻找灵感。","Writers often go to the countryside to experience life and find inspiration.","Personal involvement.","","体会"
"Chapter 5","学业","xuéyè","学习的功课。","one's studies; academics","名","～完成；～有成；～进步","中性","希望你能在新的学期里学业进步。","I hope you make progress in your studies in the new semester.","Education path.","","功课"
"Chapter 5","弱点","ruòdiǎn","不足的地方。","weak point; weakness","名","克服～；太～；～主义","中性","他性格过于急躁，这是他最大的弱点。","He is too impatient; that's his biggest weakness.","Flaw or soft spot.","","缺点"
"Chapter 5","人际交往","rénjì jiāowǎng","人与人之间交往。","interpersonal communication","名","擅长～；孩子～；别～","中性","大学不仅是学习知识的地方，也是练习人际交往的场所。","University is not just for learning knowledge, but also for practicing interpersonal communication.","Socializing.","","社交"
"Chapter 5","卓越","zhuóyuè","非常优秀，超出一般。","outstanding; brilliant","形","～的成就；～的孩子；太～","褒义","他在医学研究方面取得了卓越的成就。","He has achieved outstanding results in medical research.","Exceptional quality.","","优秀"
"Chapter 5","取决","qǔjué","由…决定。","depend on; be determined by","动","～于努力；～于态度；最终～","中性","成绩的好坏，主要取决于你平时的努力。","Whether grades are good depends mainly on your usual effort.","Always used with 于.","","取决于"
"Chapter 5","智力","zhìlì","理解和解决问题的能力。","intelligence","名","～开发；～水平；～测验","中性","充足的睡眠对青少年的智力发育非常重要。","Sufficient sleep is very important for the intellectual development of teenagers.","Mental capacity.","","才智"
"Chapter 5","夸奖","kuājiǎng","称赞。","praise; compliment","动","受到～；得到～；～孩子","褒义","邻居们都夸奖他是一个懂事的好孩子。","The neighbors all praised him for being a sensible child.","Verbal approval.","","表扬"
"Chapter 5","意想不到","yìxiǎng bù dào","没有预想到。","unexpected; unforeseen","形","～的收获；～的结果；～的事","中性","这次旅行带给我许多意想不到的惊喜。","This trip brought me many unexpected surprises.","Surprising outcome.","","料不到"
"Chapter 5","层面","céngmiàn","方面。","level; aspect","名","精神～；各个～；社会～","中性","我们需要从多个层面来分析这个问题。","We need to analyze this problem from multiple levels.","Deeper or broader angle.","","方面"
"Chapter 5","功利","gōnglì","名声和利益。","utilitarian; fame and wealth","名","过于～；～消费；～投资","贬义","教育不应该过于功利，要关注学生的全面发展。","Education shouldn't be too utilitarian; it must focus on overall development.","Focusing purely on reward.","","利益"
"Chapter 5","挑食","tiāoshí","对食物有所选择。","be picky about food","动","从小～；～市场；～产业","贬义","小孩子挑食容易导致营养不均衡。","Children being picky about food can easily lead to nutritional imbalance.","Negative eating habit.","","偏食"
"Chapter 5","娇气","jiāoqì","性格脆弱，经不起吃苦。","fragile; squeamish","形","～惯了；太～；有点～","贬义","现在的孩子大都是独生子女，难免有些娇气。","Most children today are only children, so it's unavoidable they're a bit fragile.","Easily upset or hurt.","","脆弱"
"Chapter 5","脆弱","cuìruò","不坚强。","fragile; weak","形","感情～；十分～；心理～","贬义","他的心理承受能力比较脆弱，经不起打击。","His mental resilience is quite fragile and can't take a blow.","Physical or mental weakness.","","虚弱"
"Chapter 5","挫折","cuòzhé","失败、失误。","setback; frustration","名","遇到～；经受～；战胜～","中性","在人生的道路上，谁都会遇到一些挫折。","On the road of life, everyone will encounter some setbacks.","Difficulties/failure.","","失败"
"Chapter 5","承受","chéngshòu","接受，禁受。","bear; endure","动","～压力；～不住；难以～","中性","作为一名医生，必须能承受巨大的工作压力。","As a doctor, one must be able to bear huge work pressure.","Supporting weight or stress.","","忍受"
"Chapter 5","智商","zhìshāng","智力商数。","IQ","名","～高；～测试；～很高","中性","虽然他的智商很高，但学习并不努力。","Although his IQ is high, he doesn't work hard at studying.","Mental metric.","","智力"
"Chapter 5","情商","qíngshāng","情感商数。","EQ","名","提高～；～高；～低","褒义","在职场中，情商往往比智商更重要。","In the workplace, EQ is often more important than IQ.","Emotional intelligence.","","心理素质"
"Chapter 5","自理","zìlǐ","自己料理。","self-care; provide for oneself","动","生活～；花销～；每月～","褒义","他在上大学前就学会了生活自理。","He learned to take care of himself before going to university.","Personal independence.","","独立"
"Chapter 5","可怜天下父母心","kělián tiānxià fùmǔ xīn","感叹父母对子女的无私关爱。","parents' love for their children is boundless","俗语","～啊；体会～；理解～","褒义","孩子长大后，才真正懂得可怜天下父母心。","Only when children grow up do they truly understand their parents' selfless love.","Famous line from a poem; often spoken by parents.","","父母心"
"Chapter 5","三天打鱼两天晒网","sān tiān dǎ yú liǎng tiān shài wǎng","比喻做事没有恒心，时断时续。","work by fits and starts; lack persistence","俗语","不能～；～地学习；别～","贬义","学习语言不能三天打鱼两天晒网，要坚持每天练习。","You can't study a language by fits and starts; practice every day.","Warns against inconsistency.","","半途而废"
"Chapter 5","放羊","fàng yáng","比喻对孩子不管不问、放任自流。","let children run wild; neglect supervision","动","～式教育；对孩子～；不能～","贬义","家长不能对孩子放羊，该管的时候还是要管。","Parents cannot neglect their children; discipline is needed when appropriate.","Metaphor from leaving sheep unattended.","","放任"
"Chapter 5","吃得苦中苦，方为人上人","chī dé kǔ zhōng kǔ, fāng wéi rén shàng rén","能吃苦才能取得更大进步。","only by enduring hardship can one excel","俗语","～的精神；相信～；践行～","褒义","他相信吃得苦中苦，方为人上人，所以训练从不偷懒。","He believes only hardship leads to excellence, so he never slacks in training.","Encourages perseverance.","","吃苦耐劳"
"Chapter 5","望子成龙，望女成凤","wàng zǐ chéng lóng, wàng nǚ chéng fèng","希望子女有出息。","hope one's children will succeed","俗语","～的心情；父母～；别只～","中性","父母望子成龙、望女成凤，但也要尊重孩子的兴趣。","Parents hope their children will succeed, but should also respect their interests.","Common expression of parental expectations.","","期望"
"Chapter 5","平常心","píngcháng xīn","不患得患失、顺其自然的心态。","ordinary mindset; equanimity","名","保持～；以～对待；一颗～","褒义","比赛前要保持平常心，才能发挥正常水平。","Keep an ordinary mindset before a competition to perform at your normal level.","Useful for exams and competition.","","心态"
"Chapter 5","马拉松","mǎlāsōng","长跑项目；比喻需要长期坚持的事。","marathon; long-term effort","名","跑～；人生～；像～一样","中性","学好一门语言就像跑马拉松，靠的是长期坚持。","Mastering a language is like a marathon—it depends on persistence.","Often used figuratively.","","长跑"
"Chapter 5","悠着点儿","yōu zhe diǎnr","别着急，慢慢来；也指别太用力。","take it easy; go easy","口语","你～；做事～；对身体～","口语","最近太累了，你悠着点儿，别硬撑。","You've been too tired lately—take it easy and don't push yourself.","Friendly advice to slow down.","","慢慢来"
"Chapter 5","老天爷","lǎotiānyé","对天的俗称，多表感叹或无奈。","Heavens; God (colloquial)","名","～保佑；～公平；～睁眼","口语","这事儿能不能成，就看老天爷了。","Whether this works out depends on Heaven now.","Colloquial, not religious doctrine.","","老天"
"Chapter 5","豆芽菜","dòuyácài","比喻瘦弱、缺乏锻炼的孩子。","bean sprout (fig.: thin weak child)","名","瘦得像～；～身材；别长成～","口语","孩子要多运动，别整天坐着，瘦得像豆芽菜。","Children should exercise more instead of sitting all day and becoming thin as bean sprouts.","Metaphor for frail physique.","","瘦弱"
"Chapter 5","小胖墩","xiǎopàngdūn","指胖而结实的小孩。","chubby little kid","名","一个个～；～体型；幼儿园～","口语","幼儿园里几个小胖墩跑来跑去，特别可爱。","Several chubby kids ran around the kindergarten—they were adorable.","Affectionate nickname.","","胖墩"
"Chapter 5","衣来伸手，饭来张口","yī lái shēn shǒu, fàn lái zhāng kǒu","形容生活懒散，什么都要别人伺候。","have everything done for one; be pampered","俗语","不能～；～的孩子；别养成～","贬义","孩子已经大了，不能再衣来伸手、饭来张口。","The child is grown up and can no longer have everything done for them.","Criticizes lack of independence.","","娇生惯养"
"Chapter 5","草莓族","cǎoméi zú","比喻经不起挫折、抗压能力差的年轻人。","Strawberry Generation (fragile youth)","名","别当～；～特点；反对～","贬义","社会竞争很激烈，年轻人不能做草莓族，一碰就碎。","Competition is fierce; young people cannot be fragile like strawberries.","Taiwan-origin slang, used critically.","","娇气"
"Chapter 7","婚纱","hūnshā","新娘穿的礼服。","wedding dress","名","试穿～；白色～；一身～","中性","穿上白色的婚纱是很多女孩的梦想。","Wearing a white wedding dress is the dream of many girls.","Wedding attire.","","礼服"
"Chapter 7","折腾","zhēteng","翻来覆去；折磨。","toss about; mess around","动","来回～；瞎～；～了一夜","口语","他病还没好就急着出院，结果又折腾病了。","He rushed to leave the hospital before recovering and ended up getting sick again from the fuss.","Repeated fruitless action.","","折磨"
"Chapter 7","如花似玉","rú huā sì yù","形容女子美丽。","as beautiful as flowers and jade","形","长得～；用～；恰当的～","褒义","新娘子长得如花似玉，大家都夸好看。","The bride is as beautiful as flowers and jade; everyone praises her looks.","Classic idiom for beauty.","","貌美"
"Chapter 7","燕尾服","yànwěifú","男式黑色晚礼服。","swallowtail coat; tuxedo","名","身穿～；黑色～；整洁的～","中性","指挥家穿着整洁的燕尾服走上了舞台。","The conductor walked onto the stage wearing a neat swallowtail coat.","Formal wear.","","礼服"
"Chapter 7","绅士","shēnshì","有教养的人物。","gentleman","名","～风度；很有～；～品格","褒义","他在公共场合总是表现得很有绅士风度。","He always behaves with a very gentlemanly manner in public.","Polite, cultured manner.","","君子"
"Chapter 7","风风雨雨","fēngfēng yǔyǔ","比喻艰难困苦。","hardships; trials and tribulations","名","经历了～；几十年～；一起～","中性","这对老夫妻一起走过了几十年的风风雨雨。","This old couple has gone through decades of trials and tribulations together.","Life's difficulties.","","坎坷"
"Chapter 7","弥补","míbǔ","补偿，补救。","make up for; remedy","动","～过失；～损失；无法～","中性","无论做多少事，也无法弥补我内心的愧疚。","No matter how much I do, I cannot make up for the guilt in my heart.","Fixing a gap or error.","","补偿"
"Chapter 7","缺憾","quēhàn","不够完美的地方；遗憾。","regret; flaw; imperfection","名","人生的～；弥补～；留下～","中性","虽然婚礼很圆满，但父母没能到场，仍有一点缺憾。","Though the wedding was perfect, her parents could not attend, leaving a small regret.","Often about life or relationships.","","遗憾"
"Chapter 7","孝心","xiàoxīn","孝敬的心意。","filial heart; piety","名","一片～；举行～；参加～","褒义","这是孩子的一片孝心，你就收下吧。","This is the child's filial heart; please accept it.","Intent to be filial.","","孝道"
"Chapter 7","清贫","qīngpín","清苦贫寒。","humble/poor (but clean)","形","生活～；扫～；上～","中性","那位老教授一生过着清贫而充实的生活。","That old professor lived a humble but fulfilling life.","Usually refers to intellectuals.","","贫穷"
"Chapter 7","纯真","chúnzhēn","纯洁真实。","pure; innocent","形","～的友谊；人生～；避免～","褒义","我最怀念童年时代那份纯真的快乐。","I miss that pure happiness of childhood most.","Genuine and uncorrupted.","","纯洁"
"Chapter 7","风雨同舟","fēng yǔ tóng zhōu","比喻同患难。","in the same boat; through thick and thin","动","～的朋友；祝...～；白头～","褒义","在公司最困难的时候，员工们选择与老板风雨同舟。","During the company's hardest time, employees chose to stand with the boss through thick and thin.","Mutual help in crisis.","","同甘共苦"
"Chapter 7","相濡以沫","xiāng rú yǐ mò","比喻相互救助。","mutual help in difficult times","动","夫妻～；～自己；到处～","褒义","他们夫妻俩在艰难的岁月里相濡以沫。","The couple helped each other out through the hard years.","Deep mutual support.","","患难与共"
"Chapter 7","酿造","niàngzào","造酒；比喻逐渐形成。","brew; create (metaphorically)","动","～美酒；～幸福；～感情","中性","夫妻之间的感情，是在柴米油盐中慢慢酿造出来的。","A couple's affection is slowly brewed through daily life together.","Often figurative for feelings.","","酝酿"
"Chapter 7","比喻","bǐyù","用某些事物比拟。","metaphor; analogy","名","打个～；～多年；婚前～","中性","作者把少年比喻成早晨八九点钟的太阳。","The author likened youth to the sun at eight or nine in the morning.","Literary device.","","比拟"
"Chapter 7","贴切","tiēqiè","恰当、确切。","apt; appropriate","形","形容得～；婚前～；做～","褒义","这个形容词用在这里非常贴切。","This adjective is very apt here.","Perfect fit for words/concepts.","","恰当"
"Chapter 7","秘诀","mìjué","不公开的巧妙办法。","secret (of success)","名","长寿的～；～中；～期","中性","勤奋和坚持是成功的唯一秘诀。","Hard work and persistence are the only secrets to success.","Key to a result.","","奥秘"
"Chapter 7","无关紧要","wúguān jǐnyào","不重要。","immaterial; of no consequence","形","～的小事；～细节；～的事","中性","只要大方向是对的，这些细节都无关紧要。","As long as the general direction is right, these details are immaterial.","Not vital.","","不重要"
"Chapter 7","包容","bāoróng","宽容。","tolerate; forgive; embrace","动","～他人；财产～；合同～","褒义","家人之间应该互相包容，多一些理解。","Family members should tolerate each other and have more understanding.","Open-mindedness.","","宽容"
"Chapter 7","磨合","móhé","逐渐相互适应。","break in; fit in","动","处于～期；～的选择；～之举","中性","新员工和团队之间还需要一段时间的磨合。","New employees and the team still need some time to fit in.","Getting used to each other.","","适应"
"Chapter 7","化解","huàjiě","消除矛盾、问题。","resolve; dissolve","动","～危机；调解～；发生～","中性","微笑是化解尴尬的最好办法。","A smile is the best way to resolve embarrassment.","Neutralizing a negative.","","消除"
"Chapter 7","茅塞顿开","máo sè dùn kāi","比喻忽然明白、豁然开朗。","suddenly see the light","动","让人～；听完～；顿时～","褒义","经老师一点拨，我对这道题茅塞顿开。","After the teacher's hint, I suddenly understood this problem.","Describes a flash of insight.","","恍然大悟"
"Chapter 7","坟墓","fénmù","埋葬死人的穴。","grave; tomb","名","守望～；关系～；结构～","中性","婚姻不是爱情的坟墓。","Marriage is not the grave of love.","Final resting place.","","墓地"
"Chapter 7","悲剧","bēijù","不幸的遭遇。","tragedy","名","造成～；稍有～；一有～","贬义","贪婪往往是导致人生悲剧的根源。","Greed is often the root cause of personal tragedy.","Sad outcome or play type.","","惨剧"
"Chapter 7","白头到老","bái tóu dào lǎo","夫妻生活到老。","grow old together","动","祝你们～；～相伴；携手～","褒义","在婚礼上，亲友们都祝福新人白头到老。","At the wedding, friends and family wished the couple to grow old together.","Lifelong marriage.","","白头偕老"
"Chapter 7","张扬","zhāngyáng","宣扬出去。","flaunt; publicize","动","到处～；当～；～难当","贬义","他这人很低调，从来不四处张扬自己的成绩。","He is very low-key and never flaunts his achievements everywhere.","Making something public.","","宣扬"
"Chapter 7","委曲求全","wěiqū qiú quán","勉强忍受以求保全。","compromise for the sake of the whole","动","～的做法；不好意思～；难以～","中性","为了维持团队的和谐，他只好委曲求全。","To maintain team harmony, he had to compromise.","Self-sacrifice for a goal.","","忍让"
"Chapter 7","同居","tóngjū","未婚共同生活。","cohabitation","动","～生活；～矛盾；～相处","中性","他们俩在结婚前已经同居一年了。","The two had already been cohabiting for a year before getting married.","Living together.","","同住"
"Chapter 7","公证","gōngzhèng","由证明机构证明。","notarization","动","进行～；办理～；～书","中性","为了避免日后产生纠纷，他们去做了婚前财产公证。","To avoid future disputes, they went for a pre-marital property notarization.","Legal verification.","","证明"
"Chapter 7","热恋","rèliàn","热烈地恋爱。","be deeply in love","动","正处于～；创造～；历史～","褒义","这对热恋中的情侣计划明年结婚。","This couple deeply in love plans to get married next year.","Intense romance.","","相爱"
"Chapter 7","违约","wéiyuē","违背条约。","breach of contract","动","承担～责任；～金；～方","贬义","任何一方违约，都必须支付违约金。","If either party breaches the contract, they must pay a penalty.","Breaking an agreement.","","失约"
"Chapter 7","明智","míngzhì","有远见，想得周到。","wise; sensible","形","～的选择；～的决定；十分～","褒义","面对危机，他做出了一个非常明智的决定。","Facing the crisis, he made a very wise decision.","Good judgment.","","聪明"
"Chapter 7","纠纷","jiūfēn","争执的事情。","dispute; quarrel","名","产生～；力量～；贡献～","贬义","邻里之间难免会产生一些小纠纷。","It's unavoidable that small disputes arise between neighbors.","Ongoing disagreement.","","争执"
"Chapter 7","见外","jiànwài","当成外人看待。","treat as an outsider","形","别太～；～潦倒；～的处境","口语","大家都是好朋友，你就别见外了。","We are all good friends; don't be so formal/treat me like an outsider.","Usually used as ""don't be a stranger.""","","客气"
"Chapter 7","松散","sōngsǎn","结构不紧密。","loose; lax","形","组织～；结构～；纪律～","中性","由于缺乏统一的管理，这个小组的组织很松散。","Due to lack of unified management, this group's organization is loose.","Not tight.","","松动"
"Chapter 7","风吹草动","fēng chuī cǎo dòng","比喻轻微的变化。","a rustle in the grass; sign of trouble","名","有一点～；稍有～；对～敏感","中性","这个消息非常敏感，有一点风吹草动都会引起股市波动。","This news is very sensitive; any slight change will cause stock fluctuations.","First signs of change.","","变动"
"Chapter 7","冒昧","màomèi","言行不顾是否适合(谦辞)。","presumptuous; take the liberty","形","～地打扰；～请教；～一问","中性","我想冒昧地请教您一个问题。","I'd like to take the liberty of asking you a question.","Polite way to intrude.","","唐突"
"Chapter 7","后妈","hòumā","父亲后娶的妻子。","stepmother","名","她是～；～工人；～将士","口语","虽然是后妈，但她对孩子比亲妈还亲。","Although she is the stepmother, she is closer to the child than a biological mother.","Informal for 继母.","","继母"
"Chapter 7","松口","sōng kǒu","不再坚持原来的说法或态度。","relent; soften one's stance","动","终于～；不肯～；父母～","口语","商量了很久，父母终于松口，同意他出国学习。","After long discussion, his parents finally relented and agreed to let him study abroad.","Implies previous refusal.","","让步"
"Chapter 7","婆媳","póxí","婆婆和儿媳。","mother-in-law and daughter-in-law","名","～关系；不能～；岂能～","中性","处理好婆媳关系是家庭和谐的重要部分。","Handling the mother-daughter-in-law relationship well is key to family harmony.","Specific family dynamic.","","亲属"
"Chapter 7","乖巧","guāiqiǎo","善解人意、讨人喜欢。","clever and obedient; cute","形","长得～；～奉献；～精神","褒义","这个小女孩长得漂亮，嘴巴也甜，非常乖巧。","This little girl is pretty and well-spoken; she's very clever and obedient.","Well-behaved.","","听话"
"Chapter 7","喜糖","xǐtáng","结婚时发给亲友的糖果。","wedding candy","名","发～；吃～；一包～","中性","婚礼上，新人向宾客分发喜糖，表示感谢。","At the wedding, the couple handed out wedding candy to guests in thanks.","Symbol of celebration and sharing joy.","","糖果"
"Chapter 7","过来人","guòlái rén","有经验的人。","person who has been through it; old hand","名","听～的；～的经验；请教～","口语","感情的事，还是听听过来人的建议比较好。","In matters of love, it's better to listen to advice from those with experience.","Implies practical wisdom.","","前辈"
"Chapter 7","保鲜","bǎoxiān","保持新鲜；比喻保持感情不褪色。","keep fresh; keep (relationship) alive","动","～爱情；～婚姻；技术～","中性","夫妻要经常沟通，才能给感情保鲜。","Couples need to communicate often to keep their relationship fresh.","Often figurative for marriage.","","维持"
"Chapter 7","金无足赤，人无完人","jīn wú zú chì, rén wú wán rén","比喻人都有缺点。","nobody is perfect","俗语","要明白～；接受～；牢记～","中性","夫妻之间要互相包容，金无足赤，人无完人。","Spouses should tolerate each other—nobody is perfect.","Used to excuse minor flaws.","","十全十美"
"Chapter 7","情人眼里出西施","qíngrén yǎn lǐ chū xīshī","比喻相爱的人觉得对方什么都好。","love is blind (beauty in the lover's eyes)","俗语","真是～；～的感觉；别总～","中性","在他们看来，情人眼里出西施，对方的小缺点也不算什么。","In their eyes, love is blind and even small flaws do not matter.","Explains biased affection.","","偏爱"
"Chapter 7","睁一只眼闭一只眼","zhēng yī zhī yǎn bì yī zhī yǎn","比喻对小问题装作没看见。","turn a blind eye","俗语","有时只能～；别什么都～；学会～","中性","邻里之间的小摩擦，不妨睁一只眼闭一只眼。","For minor neighborhood friction, you can turn a blind eye.","Suggests tolerance, not serious wrongdoing.","","宽容"
"Chapter 7","难得糊涂","nándé hútu","指为人处事宜糊涂一些，不必事事计较。","where ignorance is bliss, folly to be wise","俗语","做人～；～一点；并非真～","中性","家庭琐事不必争个对错，难得糊涂反而省心。","Don't argue over every household detail—sometimes bliss is better.","Philosophy of letting go.","","糊涂"
"Chapter 7","三思而后行","sān sī ér hòu xíng","做事前要反复考虑。","think twice before you act","俗语","要～；记住～；务必～","褒义","这么大的决定不能冲动，要三思而后行。","Such a big decision cannot be impulsive—you must think twice.","Classic advice for caution.","","慎重"
"Chapter 7","围城","wéichéng","比喻婚姻像被围的城：外面想进去，里面想出来。","Fortress Besieged (marriage metaphor)","名","婚姻的～；走进～；～内外","中性","有人说婚姻是围城，结婚和离婚的人各有各的体会。","Some say marriage is a besieged fortress—those inside and outside each have their own feelings.","From Qian Zhongshu's novel title.","","婚姻"
"Chapter 7","丑话说在前头","chǒu huà shuō zài qiántou","先把不好听、不利的话说明白。","let me be frank upfront; fair warning","俗语","咱们～；最好～；先～","口语","合作之前丑话说在前头，免得以后产生误会。","Let's be frank before cooperating so there are no misunderstandings later.","Sets expectations early.","","事先声明"
"Chapter 7","多了一个心眼儿","duō le yí ge xīnyǎnr","比以前更警惕、更细心。","be more cautious; have an extra eye open","口语","出门在外～；办事～；别不多～","中性","上次被骗以后，他办事多了一个心眼儿。","After being cheated last time, he became more cautious in handling things.","Not necessarily negative.","","小心"
"Chapter 7","转不过弯来","zhuǎn bu guò wān lái","比喻思想一时接受不了。","can't get one's head around it; slow to adjust","口语","一时～；老人～；别怪他～","口语","这个新政策他一时转不过弯来，需要慢慢理解。","He can't get his head around the new policy yet and needs time to understand.","Describes mental inflexibility.","","想不通"
"Chapter 7","思想工作","sīxiǎng gōngzuò","通过谈话帮助对方提高认识、转变态度。","ideological work; persuasion through talk","名","做～；耐心～；开展～","中性","班主任找学生做思想工作，帮他端正学习态度。","The homeroom teacher talked with the student to help him adjust his attitude toward study.","Common in schools and workplaces.","","说服"
"Chapter 7","说到底","shuō dàodǐ","说到底；归根结底。","when all is said and done; in the final analysis","副","～还是；～在于；～就是","口语","家庭矛盾说到底，还是沟通不够。","When all is said and done, family conflicts come down to insufficient communication.","Summarizes the core reason.","","归根结底"
"Chapter 7","和你一起慢慢变老","hé nǐ yīqǐ mànman biàn lǎo","形容夫妻相伴一生、白头偕老。","grow old together with you","俗语","～的浪漫；愿～；相伴～","褒义","婚礼上，新郎说最浪漫的事，就是和你一起慢慢变老。","At the wedding, the groom said the most romantic thing is growing old together with you.","From a popular song lyric.","","白头偕老"
"Chapter 8","壮举","zhuàngjǔ","伟大的行为。","magnificent feat; heroic act","名","完成～；希望～；争取～","褒义","横跨大西洋的航行是一次真正的壮举。","Sailing across the Atlantic was a truly magnificent feat.","Heroic or grand action.","","伟绩"
"Chapter 8","捐","juān","献出财物。","donate","动","～款；～照办；～执行","中性","他把积攒多年的养老钱都捐给了灾区。","He donated all his retirement savings to the disaster area.","Giving to charity.","","献"
"Chapter 8","受宠若惊","shòu chǒng ruò jīng","受到优待而惶恐。","be overwhelmed by unexpected favor","动","感到～；～人；帮助～","中性","突然得到总裁的亲自接见，他感到受宠若惊。","Suddenly being received by the president personally, he felt overwhelmed by the favor.","Flattered and surprised.","","受宠"
"Chapter 8","微薄","wēibó","量少，薄弱。","meager; scanty","形","收入～；～学校；～通道","中性","尽管收入微薄，他仍然坚持每月资助一名贫困学生。","Despite his meager income, he still insists on supporting a poor student monthly.","Very small amount.","","微小"
"Chapter 8","杯水车薪","bēi shuǐ chē xīn","比喻力量太小无济于事。","an utterly inadequate measure","动","简直是～；～灵活；～自如","贬义","这点钱对于巨大的债务来说，简直是杯水车薪。","This little money is utterly inadequate for such a huge debt.","Literally ""a cup of water for a wagon of burning wood.""","","无济于事"
"Chapter 8","贫困","pínkùn","贫穷困苦。","impoverished; poverty","形","～地区；竖起～；小～","贬义","政府正在采取措施帮助贫困人口脱贫。","The government is taking measures to help the impoverished population out of poverty.","Extreme lack of money.","","贫穷"
"Chapter 8","难关","nánguān","不容易克服的困难。","crisis; difficulty","名","度过～；放～；加～","中性","在朋友们的帮助下，他终于度过了这次经济难关。","With the help of friends, he finally got through this financial crisis.","Barrier to overcome.","","困难"
"Chapter 8","资助","zīzhù","用财物帮助。","subsidize; financial aid","动","～学费；十分～；搞得～","褒义","这位企业家已经先后资助了几十名失学儿童。","This entrepreneur has successively subsidized dozens of dropouts.","Financial support.","","补助"
"Chapter 8","募捐","mùjuān","广泛征集捐款。","raise funds; collect donations","动","发起～；～地跑；～回家","中性","学校组织学生为患病的同学进行募捐。","The school organized students to raise funds for a sick classmate.","Fundraising.","","筹款"
"Chapter 8","慰劳","wèiláo","安慰和慰问。","appreciate; reward with gifts","动","～官兵；屡屡～；到处～","褒义","村民们带着花生和水果去慰劳修路的工人们。","Villagers brought peanuts and fruit to reward the road workers.","Showing care for workers.","","慰问"
"Chapter 8","宗旨","zōngzhǐ","主要的思想和目的。","aim; purpose; mission","名","服务～；十分～；感到～","中性","本协会的宗旨是促进中外文化交流。","The mission of this association is to promote cultural exchange.","Core guiding principle.","","目的"
"Chapter 8","袖手旁观","xiù shǒu páng guān","比喻置身事外。","stand by with folded arms; look on","动","不能～；～乐业；～下来","贬义","看到别人有困难，我们不能袖手旁观。","When seeing others in trouble, we cannot just stand by and look on.","Indifference to others' problems.","","冷眼旁观"
"Chapter 8","五体投地","wǔ tǐ tóu dì","形容佩服到了极点。","admire sb. to the utmost","动","佩服得～；令人～；简直～","褒义","他的演讲精彩极了，听众佩服得五体投地。","His speech was brilliant; the audience admired him utterly.","Hyperbolic praise.","","敬佩"
"Chapter 8","将功补过","jiāng gōng bǔ guò","用功劳弥补过失。","atone for one's crimes by good deeds","动","以此～；争取～；～的机会","中性","他希望通过在接下来的比赛中拿金牌来将功补过。","He hopes to atone for his mistakes by winning a gold medal in the next match.","Offsetting a mistake.","","改过自新"
"Chapter 8","遵命","zūnmìng","遵照命令。","obey; as you command","动","一概～；听从～；奉命～","中性","既然是您的要求，那我一定遵命。","Since it's your request, I will certainly obey.","Formal or humorous obedience.","","服从"
"Chapter 8","残疾","cánjí","肢体、功能方面的缺陷。","disability; handicapped","名","身体～；申请～；～金","中性","我们要尊重残疾人，为他们提供更多的便利。","We should respect people with disabilities and provide more convenience for them.","Physical impairment.","","残障"
"Chapter 8","盲人","mángrén","失去视力的人。","blind person","名","一位～；～摸象；～人","中性","盲人可以通过触摸布莱叶盲文来阅读。","Blind people can read by touching Braille.","Non-sighted person.","","瞎子"
"Chapter 8","易如反掌","yì rú fǎn zhǎng","比喻事情很容易。","as easy as falling off a log","形","简直～；～支持；～发展","褒义","这道题对他这个数学天才来说简直是易如反掌。","This problem is as easy as falling off a log for a math genius like him.","Literally ""easy as flipping one's palm.""","","轻而易举"
"Chapter 8","小拇指","xiǎomǔzhǐ","小指。","little finger; pinky","名","伸出～；～建设；～活动","中性","他的左手小拇指在受伤后有点不灵活。","His left pinky is a bit stiff after the injury.","Part of the hand.","","小指"
"Chapter 8","调料","tiáoliào","调味品。","seasoning; condiment","名","添加～；～的；整天～","中性","炒菜时放点醋这种调料可以增加香味。","Adding vinegar as a seasoning when cooking can enhance the aroma.","Cooking ingredients.","","佐料"
"Chapter 8","狼狈","lángbèi","形容窘迫或难堪。","wretched; in a sorry state","形","～不堪；当～；青年～","贬义","突然的一场大雨把大家都淋得很狼狈。","A sudden heavy rain left everyone in a sorry state.","Distressed and messy.","","尴尬"
"Chapter 8","跌跌撞撞","diēdiē zhuàngzhuàng","走路摇晃不稳。","stagger; stumble","副","～地走着；提高～；文化～","中性","喝醉的他跌跌撞撞地往家走去。","Drunk, he staggered his way home.","Unsteady movement.","","蹒跚"
"Chapter 8","碰壁","pèngbì","遇到阻碍、拒绝。","hit a brick wall; rebuffed","动","到处～；～失败；处处～","口语","他找工作时到处碰壁，心情非常沮丧。","He hit a brick wall everywhere while looking for a job and felt very depressed.","Metaphor for failure/rejection.","","受挫"
"Chapter 8","欣慰","xīnwèi","感到欣喜而安慰。","gratified; relieved and happy","形","感到～；艺术～；达到...～","褒义","看到孩子终于懂事了，母亲感到非常欣慰。","Seeing that the child finally became sensible, the mother felt very gratified.","Positive internal feeling.","","安慰"
"Chapter 8","安居","ānjū","安定地居住。","live in peace","动","～乐业；干得～；办得～","褒义","只有社会稳定，人民才能安居乐业。","Only with social stability can the people live and work in peace.","Secure living.","","定居"
"Chapter 8","康复","kāngfù","恢复健康。","recover; rehabilitate","动","身体～；～动物；～树木","褒义","经过一段时间的治疗，他的身体已经完全康复了。","After a period of treatment, his body has fully recovered.","Healing process.","","恢复"
"Chapter 8","扶贫","fúpín","扶助贫困。","poverty alleviation","动","～项目；～废品；～东西","中性","精准扶贫是国家当前的一项重要工作。","Targeted poverty alleviation is an important current task for the country.","Helping the poor develop.","","济贫"
"Chapter 8","维权","wéiquán","维护合法权利。","protection of rights","动","～意识；～街头；～狗","中性","消费者的维权意识正在不断增强。","Consumers' awareness of protecting their rights is constantly increasing.","Legal advocacy.","","维护权益"
"Chapter 8","助学","zhùxué","帮助贫困者完成学业。","student aid; educational support","动","～贷款；～热线；健康～","中性","希望助学金能帮助贫困学子圆大学梦。","I hope the student aid grant can help poor students fulfill their college dreams.","Helping students financially.","","奖学"
"Chapter 8","发放","fāfàng","把钱或物发给需要的人。","issue; distribute","动","～工资；每年～；做～","中性","救灾物资正在有序地向灾民发放。","Disaster relief supplies are being orderly distributed to the victims.","Giving out officially.","","分发"
"Chapter 8","全方位","quánfāngwèi","事物的各个方面。","all-around; omni-directional","名","～合作；～不轻；～重","中性","两国决定开展全方位的经济合作。","The two countries decided to carry out all-around economic cooperation.","Every angle.","","全面"
"Chapter 8","社区","shèqū","社会群体；居民区。","community; neighborhood","名","～服务；减轻～；挑～","中性","我们社区经常组织老年人开展文体活动。","Our community often organizes cultural and sports activities for the elderly.","Local residential area.","","小区"
"Chapter 8","乐呵呵","lèhēhē","形容高兴的样子。","happy-go-lucky; smilingly","形","整天～；～之间；～A与B","褒义","爷爷每天都乐呵呵的，好像从来没有烦心事。","Grandpa is smilingly happy every day, as if he never has worries.","Visible cheerfulness.","","乐滋滋"
"Chapter 8","义工","yìgōng","自愿参加无报酬工作人员。","volunteer","名","做～；视力～；记忆力～","褒义","暑假期间，很多中学生去图书馆当义工。","During summer break, many middle school students work as volunteers at the library.","Unpaid service.","","志愿者"
"Chapter 8","素质","sùzhì","平时的修养、水平。","quality (of a person); character","名","国民～；极度～；感到～","中性","提高全民族的科学文化素质非常重要。","It is very important to improve the scientific and cultural quality of the whole nation.","Personal cultivation.","","修养"
"Chapter 8","集聚","jíjù","集合、聚集。","gather; assemble","动","人才～；～症；越来越～","中性","这里集聚了全国最顶尖的科研人才。","The nation's top scientific research talents are gathered here.","Mass collection of things/people.","","聚集"
"Chapter 8","境界","jìngjiè","达到的程度或情况。","realm; level; state","名","思想～；～习惯；～影响","褒义","这幅画表现出一种极高的艺术境界。","This painting shows a very high artistic realm.","Spiritual or professional level.","","层界"
"Chapter 8","有声有色","yǒu shēng yǒu sè","形容表现得生动。","vivid and dramatic; impressive","形","搞得～；戒除～；反对～","褒义","他在学校把学生会的工作干得有声有色。","He ran the student union work at school in an impressive and vivid way.","Full of life and success.","","生动"
"Chapter 8","认养","rènyǎng","确认承担抚养或保护任务。","adopt (a tree/pet/etc.)","动","～绿地；合理～；～搭配","中性","市民可以认养公园里的小树，并负责照看。","Citizens can adopt a small tree in the park and be responsible for looking after it.","Taking responsibility for something.","","领养"
"Chapter 8","捡拾","jiǎnshí","拾取。","pick up; collect","动","～垃圾；供求～；心理～","中性","志愿者们在海滩上捡拾游客丢弃的垃圾。","Volunteers are picking up trash discarded by tourists on the beach.","Gathering items from the ground.","","拾取"
"Chapter 8","流浪","liúlàng","没有固定住所到处漂泊。","roam; wander","动","～汉；铲除～；留下～","贬义","他年轻时曾独自一人在异国他乡流浪。","He once wandered alone in a foreign land when he was young.","Homeless wandering.","","漂泊"
"Chapter 8","白血病","báixuèbìng","造血系统的恶性疾病。","leukemia","名","患～；～患者；防治～","中性","社会各界积极为白血病患儿募捐，帮助他们治疗。","All sectors of society actively raise funds for children with leukemia to help them get treatment.","Serious illness; common in charity contexts.","","血液病"
"Chapter 8","不敢当","bù gǎn dāng","谦辞，表示不敢接受夸奖或礼遇。","you flatter me; I don't deserve it","谦辞","您过奖了，～；～，～；实在～","中性","您太客气了，这个称赞我实在不敢当。","You're too kind—I really don't deserve such praise.","Polite response to compliments.","","过奖"
"Chapter 8","屋漏偏逢连夜雨","wū lòu piān féng lián yè yǔ","比喻不幸的事接连发生。","when it rains, it pours","俗语","真是～；～的处境；别～","贬义","他刚失业，家里又有人生病，真是屋漏偏逢连夜雨。","He had just lost his job when a family member fell ill—misfortune piled up.","Expresses compounded bad luck.","","祸不单行"
"Chapter 8","众人拾柴火焰高","zhòng rén shí chái huǒyàn gāo","比喻人多力量大，齐心协力事易成。","many hands make light work","俗语","～；靠～；发扬～","褒义","募捐活动要靠大家参与，众人拾柴火焰高。","Fundraising needs everyone's participation—many hands make light work.","Encourages collective effort.","","齐心协力"
"Chapter 8","爱心社","àixīn shè","以公益互助为宗旨的学生或社区组织。","charity club; caring society","名","加入～；学校～；～活动","褒义","高中的时候，他在爱心社组织过多次义卖。","In high school, he organized many charity sales through the caring society.","Common on campuses in China.","","社团"
"Chapter 8","效犬马之劳","xiào quǎn mǎ zhī láo","谦辞，表示愿意尽力效劳。","serve you like a loyal dog or horse","谦辞","愿～；尽～；以～","中性","如果您需要帮忙，我愿意效犬马之劳。","If you need help, I am willing to serve you to the best of my ability.","Formal, humble offer of service.","","效劳"
"Chapter 8","弱势群体","ruòshì qúntǐ","处于弱势、需要社会帮助的人群。","vulnerable groups; disadvantaged populations","名","帮助～；关爱～；保护～","中性","志愿者定期走访社区，为弱势群体送去生活用品。","Volunteers regularly visit the community to deliver daily necessities to vulnerable groups.","Official and media term.","","弱者"
"Chapter 8","真人秀","zhēnrén xiù","以真人为参与者的电视节目。","reality show","名","看～；～节目；参加～","中性","现在很多年轻人喜欢看真人秀，觉得贴近生活。","Many young people enjoy reality shows because they feel close to everyday life.","Entertainment vocabulary.","","节目"
"Chapter 8","两眼一抹黑","liǎng yǎn yī mǒ hēi","比喻对情况一无所知。","be completely in the dark","俗语","～地摸索；对这事～；别～","口语","他刚到一个新行业，两眼一抹黑，只能从头学起。","He had just entered a new industry and was completely in the dark, so he had to learn from scratch.","Emphasizes lack of knowledge.","","一无所知"
"Chapter 8","孤寡老人","gūguǎo lǎorén","无子女或子女不在身边的老人。","elderly without family support","名","照顾～；～生活；关爱～","中性","社区志愿者每周上门看望孤寡老人，陪他们聊天。","Community volunteers visit elderly people without family support weekly to chat with them.","Social welfare context.","","老人"
"Chapter 8","空巢老人","kōngcháo lǎorén","子女离家后独自生活的老人。","empty-nest elderly","名","～增多；关心～；～家庭","中性","很多空巢老人需要社区提供日间照料服务。","Many empty-nest elderly need daytime care services from the community.","Common demographic term.","","老人"
"Chapter 8","临终关怀","línzhōng guānhuái","对临终病人给予身体和心理上的照顾。","hospice care; end-of-life care","名","提供～；～服务；～病房","褒义","医院为晚期病人提供临终关怀，让他们有尊严地离开。","The hospital provides end-of-life care so terminally ill patients can leave with dignity.","Medical and ethical vocabulary.","","护理"
"Chapter 8","勿以善小而不为","wù yǐ shàn xiǎo ér bù wéi","不要因为是小事就不去做善事。","do not fail to do good because it seems small","俗语","牢记～；践行～；～的道理","褒义","捐款多少不重要，勿以善小而不为，点滴也能帮助别人。","The amount donated does not matter—do not fail to do good because it seems small; every bit helps.","From classical moral teaching.","","积德"
"Chapter 9","咨询","zīxún","询问意见。","consult; seek advice","动","法律～；忙于～；避免～","中性","如果你有任何疑问，可以拨打咨询电话。","If you have any questions, you can call the consultation number.","Professional inquiry.","","询问"
"Chapter 9","体检","tǐjiǎn","体格检查。","physical exam; check-up","动","定期～；～服务；～电话","中性","为了健康，我们应该每年进行一次体检。","For health, we should undergo a physical check-up once a year.","Medical screening.","","检查"
"Chapter 9","记性","jìxing","记忆力。","memory","名","～好；～差；～不错","口语","人上了年纪，记性就越来越差了。","As people get older, their memory gets worse and worse.","Informal term for memory.","","记忆力"
"Chapter 9","够呛","gòuqiàng","形容情况严重难以承受。","unbearable; terrible","形","累得～；～差；～不好","口语","今天的活儿真多，把我累得够呛。","There was so much work today; it wore me out terribly.","Extreme degree.","","受不了"
"Chapter 9","总管","zǒngguǎn","全面管理事务的人。","manager; director-general","名","后勤～；冷得～；忙得～","中性","他是这个项目的总管，负责协调各方工作。","He is the manager of this project, responsible for coordinating all parties.","Overall leader.","","主管"
"Chapter 9","担子","dànzi","比喻担负的责任。","burden; load; responsibility","名","～很重；项目～；财务～","中性","作为班长，他肩上的担子可不轻啊。","As the class monitor, the burden on his shoulders is not light.","Symbolic weight of duty.","","责任"
"Chapter 9","介于","jièyú","在两者之间。","between; intermediate","动","～两者之间；肩上的～；挑～","中性","这种颜色介于红色和紫色之间。","This color is between red and purple.","Position in a range.","","处于"
"Chapter 9","减退","jiǎntuì","下降，减弱。","decline; abate","动","功能～；～红色与紫色；～二者","贬义","随着年龄的增长，人的听力会逐渐减退。","As age increases, one's hearing will gradually decline.","Decreasing in strength.","","下降"
"Chapter 9","疲乏","pífá","因消耗过多需要休息。","fatigued; weary","形","感到～；听力～；视力～","中性","长途旅行后，他感到非常疲乏。","After the long trip, he felt very fatigued.","Physical tiredness.","","疲劳"
"Chapter 9","健忘","jiànwàng","记忆力差，容易忘。","forgetful","形","～症；身体～；十分～","贬义","由于最近压力太大，他变得有些健忘。","Due to too much pressure lately, he has become a bit forgetful.","Prone to forgetting.","","丢三落四"
"Chapter 9","不良","bùliáng","不好的。","bad; harmful; unhealthy","形","～嗜好；有点～；～严重","贬义","长期熬夜是对身体非常不利的不良习惯。","Staying up late long-term is an unhealthy habit that's very bad for the body.","Negative quality.","","不好"
"Chapter 9","酗酒","xùjiǔ","无节制地饮酒。","excessive drinking; alcoholism","动","长期～；～影响；～行为","贬义","酗酒不仅伤害身体，还可能引发社会问题。","Excessive drinking not only hurts the body but can also cause social problems.","Abuse of alcohol.","","贪杯"
"Chapter 9","膳食","shànshí","每天吃的饭菜。","diet; meal","名","～结构；～成性；戒～","中性","合理的膳食对维持身体健康至关重要。","A reasonable diet is crucial for maintaining good health.","Formal term for meals/nutrition.","","伙食"
"Chapter 9","失衡","shīhéng","失去平衡。","imbalance; out of balance","动","营养～；～营养；合理～","贬义","这种饮食方式会导致体内的微量元素失衡。","This way of eating will lead to an imbalance of trace elements in the body.","Loss of equilibrium.","","不平衡"
"Chapter 9","祸根","huògēn","出现灾祸的根源。","root of the trouble; bane","名","埋下～；收支～；心态～","贬义","不健康的饮食习惯是许多疾病的祸根。","Unhealthy eating habits are the root cause of many diseases.","Origin of disaster.","","祸首"
"Chapter 9","应酬","yìngchóu","交际活动。","socializing; dinner party","名","忙于～；罪恶～；铲除～","中性","他每天晚上都有应酬，很少回家吃饭。","He has social engagements every night and rarely eats at home.","Business/social obligation.","","社交"
"Chapter 9","硬撑","yìngchēng","勉强支撑。","hold out; keep up despite difficulties","动","～着不去休息；～多；忙于～","口语","生病了就要休息，不要硬撑着去上班。","If you're sick, you should rest; don't force yourself to go to work.","Struggling to continue.","","坚持"
"Chapter 9","天长日久","tiān cháng rì jiǔ","时间长，日子久。","after a long time; over the years","副","～见人心；别～；硬～着","中性","只要天长日久地坚持下去，你一定会成功的。","As long as you persist over a long period, you will surely succeed.","Enduring duration.","","长年累月"
"Chapter 9","恶果","èguǒ","坏结果。","evil consequence; bad result","名","自食～；～地坚持；日久～","贬义","破坏环境的行为最终会产生严重的恶果。","Acts of environmental destruction will eventually produce severe consequences.","Outcome of bad actions.","","后果"
"Chapter 9","屡见不鲜","lǚ jiàn bù xiān","经常看见，不新奇。","nothing new; common occurrence","形","已经是～；酿成～；产生～","中性","在网络时代，信息泄露事件已经屡见不鲜了。","In the internet age, data leak incidents are already a common occurrence.","Seen often.","","司空见惯"
"Chapter 9","延续","yánxù","持续下去。","continue; go on; last","动","～至今；～的事；～现象","中性","这种古老的传统一直延续到了今天。","This ancient tradition has continued until today.","Uninterrupted extension.","","持续"
"Chapter 9","全天候","quán tiān hòu","满二十四小时的。","all-weather; round-the-clock","形","～服务；～到...；～下去","中性","这家便利店提供全天候的二十四小时服务。","This convenience store provides round-the-clock service.","Continuous service/operation.","","全天"
"Chapter 9","熬夜","áoyè","整夜不睡觉。","stay up late; stay up all night","动","经常～；～营业；～值班","中性","为了赶这份报告，他昨晚熬夜到了凌晨三点。","To finish this report, he stayed up until 3 a.m. last night.","Sleeping late/not at all.","","通宵"
"Chapter 9","宵夜","xiāoyè","夜里吃的简便饭菜。","midnight snack; supper","名","吃～；偶尔～；不要～","中性","看完电影后，我们一起去吃个宵夜吧。","After watching the movie, let's go get a midnight snack together.","Late night meal.","","夜宵"
"Chapter 9","满满当当","mǎn mǎn dàng dàng","形容非常满。","full to the brim; packed","形","塞得～；吃～；约～","口语","他的日程表每天都安排得满满当当的。","His schedule is packed full every day.","No space left.","","满满的"
"Chapter 9","透支","tòuzhī","消耗过度；提取超过金额。","overdraw; overexert","动","体力～；装得～；排得～","中性","过度劳累会让身体处于严重的透支状态。","Overwork will put the body in a state of severe overexertion/drain.","Using more than available.","","亏空"
"Chapter 9","张弛有度","zhāng chí yǒu dù","合理安排紧张和放松。","strike a balance between work and rest","形","做到～；精力～；信用卡～","褒义","科学的学习方法应该做到张弛有度。","Scientific study methods should involve a balance between work and rest.","Literal: ""tension and relaxation in measure.""","","劳逸结合"
"Chapter 9","基因","jīyīn","遗传信息的基本单位。","gene","名","～工程；学习～；劳逸～","中性","科学研究发现，人的身高很大程度上由基因决定。","Scientific research has found that height is largely determined by genes.","Biological unit.","","遗传因子"
"Chapter 9","遗传","yíchuán","由上一代传给下一代。","heredity; inherit","动","～特征；～突变；～决定","中性","这种疾病具有明显的家族遗传倾向。","This disease has a clear family hereditary tendency.","Biological passing of traits.","","传代"
"Chapter 9","吓唬","xiàhu","使害怕。","frighten; scare","动","～小孩；～病；～给下一代","口语","他只是在吓唬你，别当真。","He's just scaring you; don't take it seriously.","Intimidating (informal).","","恐吓"
"Chapter 9","语重心长","yǔ zhòng xīn cháng","言语恳切情意深长。","sincere and earnest; meaningful advice","副","～地说；～人；别～","褒义","临行前，老师语重心长地嘱咐我要好好照顾自己。","Before I left, the teacher earnestly advised me to take good care of myself.","Deeply felt speech.","","苦口婆心"
"Chapter 9","灵丹妙药","língdān miàoyào","比喻解决问题的办法。","miracle medicine; panacea","名","不是～；～地嘱咐；～地告诫","中性","运动是保持健康的灵丹妙药。","Exercise is a miracle medicine for maintaining health.","Cure-all (often used figuratively).","","万灵药"
"Chapter 9","均衡","jūnhéng","均匀平衡。","balanced; even","形","营养～；没有～；找到～","中性","我们应该保持营养均衡，多吃蔬菜水果。","We should maintain a balanced nutrition and eat more fruits and vegetables.","Even distribution.","","平衡"
"Chapter 9","开朗","kāilǎng","乐观，爽快。","cheerful; optimistic","形","性格～；饮食～；发展～","褒义","她是一个性格开朗的女孩，大家都喜欢和她交朋友。","She is a cheerful girl; everyone likes to be friends with her.","Sunny disposition.","","乐观"
"Chapter 9","平和","pínghé","温和，和气。","gentle; mild; calm","形","语气～；性格～；活泼～","褒义","他在处理矛盾时，态度总是非常平和。","His attitude is always very calm when handling conflicts.","Not aggressive.","","温和"
"Chapter 9","神清气爽","shén qīng qì shuǎng","精神饱满心情舒畅。","refreshing; clear-headed and refreshed","形","感到～；心态～；态度～","褒义","清晨到山里散散步，让人感到神清气爽。","Taking a walk in the mountains in the early morning makes one feel refreshed.","Mental/physical freshness.","","心旷神怡"
"Chapter 9","倡导","chàngdǎo","提倡。","advocate; initiate","动","～文明；～环保；～节约","褒义","学校一直倡导垃圾分类，保护校园环境。","The school has always advocated trash sorting to protect the campus environment.","Leading a call for action.","","提倡"
"Chapter 9","精辟","jīngpì","深刻，透彻。","incisive; penetrating","形","论述～；分析～；见解～","褒义","他的这段话对这个问题的分析非常精辟。","His words were a very incisive analysis of this problem.","Deep and accurate.","","精深"
"Chapter 9","金玉良言","jīn yù liáng yán","极其宝贵的教导。","golden advice; pearls of wisdom","名","当成～；牢记～；句句～","褒义","长辈们的这些话都是金玉良言，你要记在心里。","The words of your elders are all pearls of wisdom; you should keep them in mind.","Highly valued words.","","良言"
"Chapter 9","工作狂","gōngzuò kuáng","指拼命工作的人。","workaholic","名","成了～；典型的～；别当～","中性","他为了赶项目，成了名副其实的工作狂。","To finish the project, he became a real workaholic.","Can be neutral or mildly critical.","","加班族"
"Chapter 9","拼命三郎","pīnmìng sānláng","比喻做事特别卖力的人。","person who works desperately hard","名","像个～；～式的；堪称～","口语","这段时间他像拼命三郎一样，天天加班到深夜。","Lately he works like mad, staying at the office until late every night.","From Water Margin character nickname.","","苦干"
"Chapter 9","八九不离十","bā jiǔ bù lí shí","形容很接近，差不多。","not far off; pretty close","形","～对；猜得～；～就是这样","口语","你估计的八九不离十，结果和你说的大致一样。","Your estimate was pretty close—the result was roughly what you said.","Colloquial approximation.","","差不多"
"Chapter 9","代谢水平","dàixiè shuǐpíng","身体新陈代谢的状况。","metabolic level","名","～下降；提高～；～正常","中性","随着年龄增长，人的代谢水平会逐渐下降。","As people age, their metabolic level gradually declines.","Health and fitness vocabulary.","","新陈代谢"
"Chapter 9","耳边风","ěrbian fēng","比喻听过就算、不放在心上。","words in one ear and out the other","名","当作～；把…当～；吹～","口语","父母的劝告，他常常当作耳边风。","He often treats his parents' advice as words in one ear and out the other.","Implies ignoring good advice.","","不听"
"Chapter 9","吃老本","chī lǎoběn","依靠过去的积累，不再努力。","live off past achievements; rest on one's laurels","动","不能～；～过日子；只会～","贬义","不能一辈子吃老本，还要不断学习新东西。","You cannot live off past achievements forever—you must keep learning.","Warns against complacency.","","守成"
"Chapter 9","人在江湖，身不由己","rén zài jiānghú, shēn bù yóu jǐ","比喻环境所迫，不能完全按自己意愿行事。","in the world one cannot always do as one pleases","俗语","～；也是～；理解～","中性","工作忙，陪家人的时间少，真是人在江湖，身不由己。","Work is busy and there is little time for family—one cannot always do as one pleases.","Explains constraints, not excuse for wrongdoing.","","无奈"
"Chapter 9","朝九晚五","zhāo jiǔ wǎn wǔ","指固定的上班作息时间。","nine-to-five (work schedule)","名","～的工作；过～生活；打破～","中性","很多上班族过着朝九晚五的生活。","Many office workers live a nine-to-five life.","Standard work rhythm.","","上班"
"Chapter 9","日出而作，日落而息","rì chū ér zuò, rì luò ér xī","形容作息规律、勤劳朴实的生活。","rise at sunrise and rest at sunset","俗语","～；过着～的日子；向往～","褒义","他退休后回到乡下，日出而作，日落而息，身体反而更好了。","After retiring to the countryside, he rose at sunrise and rested at sunset, and his health improved.","Classical description of rural life.","","作息规律"
"Chapter 9","反其道而行之","fǎn qí dào ér xíng zhī","采取与常规相反的做法。","do the opposite of the usual way","动","不妨～；故意～；～试试","中性","大家都熬夜，他反其道而行之，坚持早睡早起。","While everyone stays up late, he does the opposite and keeps early hours.","Highlights contrast with common practice.","","另辟蹊径"
"Chapter 9","慢性病","mànxìng bìng","长期存在、发展缓慢的疾病。","chronic disease","名","～防治；～管理；患～","中性","久坐、熬夜可能增加颈椎病、脂肪肝等慢性病的风险。","Sitting too long and staying up late may raise the risk of chronic illnesses such as cervical spondylosis and fatty liver.","Includes 三高、神经衰弱、心脑血管病等常见说法。","","亚健康"
"Chapter 9","买后悔药","mǎi hòuhuǐ yào","比喻事后无法挽回。","buy regret medicine (fig.: can't undo the past)","俗语","没有～；想～；～也没用","口语","世上没有买后悔药的地方，做决定前要慎重。","There is nowhere to buy regret medicine—think carefully before you decide.","Figurative; emphasizes irreversibility.","","后悔莫及"
"Chapter 9","金钥匙","jīn yàoshi","比喻能帮人顺利进入理想学校或行业的有利条件。","golden key (fig.: privileged access)","名","没有～；靠～；～家庭","中性","他靠自己的努力考上了大学，而不是靠什么金钥匙。","He got into university through his own effort, not through any golden key.","Often about education or career.","","关系"
"Chapter 9","自主性","zìzhǔ xìng","自己作主、不受他人支配的性质。","autonomy; independence","名","培养～；缺乏～；增强～","褒义","孩子长大后，父母应逐步培养他的自主性。","As children grow up, parents should gradually foster their autonomy.","Important in education and psychology.","","独立"
