"Chapter","hanzi","pinyin","mandarin_意义","英文意义","词性","搭配","色彩","example_sentence","example_sentence_en","usage_note","common_errors","related_words"
"Chapter 1","两手空空","liǎng shǒu kōngkōng","手里没有什么东西。","empty-handed","形","～地回来；～而归；两手～","中性","他去求职，结果两手空空地回来了。","He went to look for a job but came back empty-handed.","Used for having no possessions or results.","","一无所有"
"Chapter 1","蒸蒸日上","zhēngzhēng rì shàng","比喻事业一天天向上发展。","flourishing","动","生意～；事业～；发展～","褒义","祝您的公司业务蒸蒸日上。","I wish your company's business flourishes more every day.","Commonly used in well-wishes for business.","","兴旺"
"Chapter 1","价位","jiàwèi","指商品和服务价格所处的档次。","price level","名","～适中；～合理；高～","中性","这件衣服的价位属于中等。","The price level of this clothing is medium.","Used to categorize products by cost.","","价格"
"Chapter 1","适中","shìzhōng","合适，不太贵也不太便宜。","moderate","形","价格～；温度～；大小～","中性","这家餐厅的价格适中，味道也不错。","This restaurant's prices are moderate and the taste is good.","Often refers to price, size, or degree.","","合适"
"Chapter 1","派头","pàitóu","气派。","style; manner","名","有～；大～；摆～","中性","他穿上西装后，很有大老板的派头。","After putting on a suit, he has the manner of a big boss.","Can be slightly ironic depending on context.","","气派"
"Chapter 1","高档","gāodàng","高级档次的（商品、服务等）。","high-end","形","～住宅；～酒店；～餐厅","褒义","这条街上有很多高档商店。","There are many high-end shops on this street.","Opposite of 低档.","","高级"
"Chapter 1","露天","lùtiān","在房屋外，没有遮挡。","open-air","名","～影院；～市场；～音乐会","中性","夏天我们喜欢去露天游泳池。","We like going to open-air swimming pools in summer.","Used for outdoor venues.","","室外"
"Chapter 1","风吹日晒","fēngchuī rìshài","寒风吹，烈日晒。","exposed to the weather","动","经受～；长期～；不怕～","中性","建筑工人们每天都要经受风吹日晒。","Construction workers are exposed to the wind and sun every day.","Describes harsh outdoor working conditions.","","饱经风霜"
"Chapter 1","车位","chēwèi","停车的位置。","parking space","名","找～；占～；没有～","中性","在这个商场找个车位真不容易。","It's really not easy to find a parking space in this mall.","Common in urban life.","","车库"
"Chapter 1","代步工具","dàibù gōngjù","代替走路的交通工具。","means of transport","名","主要的～；～首选；以...为～","中性","自行车是他主要的代步工具。","The bicycle is his main means of transport.","Literally ""tool to replace walking.""","","交通工具"
"Chapter 1","中档","zhōngdàng","中等档次的。","mid-range","形","～商品；～市场；～消费","中性","这家酒店的定位是中档市场。","This hotel targets the mid-range market.","Between high-end and low-end.","","普通"
"Chapter 1","实惠","shíhuì","有实际的好处。","affordable; practical","形","经济～；价格～；～耐用","褒义","去批发市场买东西既方便又实惠。","Buying things at the wholesale market is both convenient and affordable.","Focuses on getting value for money.","","实惠"
"Chapter 1","固定资产","gùdìng zīchǎn","不变动、不移动的资产。","fixed assets","名","投资～；增加～；管理～","中性","房产和机器属于公司的固定资产。","Real estate and machinery are fixed assets of the company.","Accounting and business term.","","财产"
"Chapter 1","客户","kèhù","顾客，客商。","customer; client","名","开发新～；老～；服务～","中性","我们需要诚恳地对待每一位客户。","We need to treat every client sincerely.","Common in business settings.","","顾客"
"Chapter 1","实力","shílì","实在的力量。","strength; power","名","～雄厚；～相当；有～","中性","他的比赛表现证明了他的实力。","His performance in the match proved his strength.","Used for companies, athletes, or countries.","","能力"
"Chapter 1","贷款","dàikuǎn","从银行借钱。","loan; to provide a loan","动","申请～；～买房；银行～","中性","他打算贷款买一套新房子。","He plans to take out a loan to buy a new house.","Can be a noun or a verb.","","借款"
"Chapter 1","包装","bāozhuāng","指打扮自己或商品的装饰。","packaging; self-promotion","动","～自己；～产品；过度～","中性","现代艺人都需要经过专业的包装。","Modern artists all need professional packaging/branding.","Can refer to physical boxes or image branding.","","装潢"
"Chapter 1","合身","héshēn","(衣服等)穿在身上很合适。","well-fitting","形","非常～；～得体；衣服～","中性","这件西装穿在他身上非常合身。","This suit fits him very well.","Only used for clothing.","","合适"
"Chapter 1","量身定做","liáng shēn dìng zuò","根据身体的尺寸特制做的。","tailor-made","动","～服务；～方案；～服装","中性","这套礼服是请名家量身定做的。","This gown was tailor-made by a famous designer.","Can be used for specific plans or solutions.","","定制"
"Chapter 1","质地","zhìdì","某种材料的性质。","texture; quality","名","～坚硬；～柔软；～上乘","中性","这种面料质地柔软，穿着舒服。","This fabric has a soft texture and is comfortable to wear.","Used for physical materials.","","质量"
"Chapter 1","手感","shǒugǎn","手摸上去的感觉。","feel; touch","名","～不错；～柔软；～好","口语","这件毛衣的手感非常暖和。","This sweater feels very warm to the touch.","Usually used for fabrics or products.","","摸"
"Chapter 1","做工","zuògōng","指制作的技术和质量。","workmanship","名","～细腻；～精细；～考究","中性","这件手工制品的做工非常讲究。","The workmanship of this handmade product is very exquisite.","Focuses on how something was made.","","工艺"
"Chapter 1","赠品","zèngpǐn","赠送的物品。","gift; freebie","名","附送～；促销～；买一送一的～","中性","超市里买大桶油常有赠品。","Supermarkets often give freebies when you buy large jugs of oil.","Common in retail.","","礼物"
"Chapter 1","情结","qíngjié","深藏心底的感情。","complex; attachment","名","怀旧～；故乡～；文化～","中性","老一辈人对土地总有一种深厚的情结。","The older generation always has a deep attachment to the land.","Psychological term used broadly.","","情节"
"Chapter 1","信誉","xìnyù","信用和名誉。","reputation; credit","名","～卓著；～良好；建立～","褒义","企业的信誉是生存的根本。","A company's reputation is the root of its survival.","Used for businesses or individuals.","","名誉"
"Chapter 1","代名词","dàimíngcí","替代某种事物的词语。","synonym; pronoun","名","成为...的～；...的～；相当于～","中性","在很多人眼中，这种跑车就是财富的代名词。","For many, this sports car is a synonym for wealth.","Used metaphorically.","","绰号"
"Chapter 1","钟有独钟","qíng yǒu dú zhōng","对某事或事物有特别喜爱的感情。","have a soft spot for","动","对她～；对...～；情有独钟","褒义","他对中国书法情有独钟。","He has a special liking for Chinese calligraphy.","Usually written as 情有独钟.","","偏爱"
"Chapter 1","一概","yīgài","全部如此，没有例外。","all; without exception","副","～拒绝；～否定；～不知","中性","这些要求被他一概否定了。","He rejected all these requests without exception.","Used for categorical statements.","","一律"
"Chapter 1","大款","dàkuǎn","拥有较多钱财的人。","tycoon; rich person","名","当了～；像个～；～派头","口语","他创业成功后成了一个大款。","He became a tycoon after his business succeeded.","Informal term.","","富翁"
"Chapter 1","崇拜","chóngbài","崇敬、敬佩。","worship; adore","动","～偶像；～明星；～英雄","中性","学生们都很崇拜这位杰出的科学家。","The students all adore this outstanding scientist.","High level of respect.","","敬佩"
"Chapter 1","攀比","pānbǐ","多指在物质方面跟别人比较。","keep up with the Joneses","动","盲目～；互相～；～心理","贬义","我们不应该在生活上互相攀比。","We shouldn't compete with each other in terms of lifestyle.","Usually negative.","","比较"
"Chapter 1","一掷千金","yí zhì qiān jīn","形容挥霍无度，花钱很大。","spend money like water","动","～的行为；～消费；～一把","贬义","他为了赌博不惜一掷千金。","He didn't hesitate to spend money like water on gambling.","Describes extreme extravagance.","","挥霍"
"Chapter 1","身份","shēnfèn","指人的社会地位。","status; identity","名","～地位；～证；～象征","中性","请出示您的身份证明。","Please show your identity certification.","Status in society or personal ID.","","地位"
"Chapter 1","陷入","xiànrù","处于不利的境地。","fall into","动","～沉思；～困境；～危机","贬义","国家陷入了长期的经济衰退。","The country fell into a long economic recession.","Often used with negative states.","","陷入"
"Chapter 1","怪圈","guàiquān","比喻难以摆脱的现象。","vicious circle","名","逃出～；陷入～；走出～","贬义","很多企业都陷入了降价竞争的怪圈。","Many companies have fallen into the vicious circle of price wars.","A ""strange circle"" of events.","","恶性循环"
"Chapter 1","图","tú","为了，贪图。","seek; aim for","动","～方便；～省钱；～省事","口语","他这样做只是图个名声。","He did this just to seek fame.","Focusing on a specific benefit.","","贪图"
"Chapter 1","精品","jīngpǐn","精良的物品。","boutique; high-quality","名","打造～；～店；～意识","褒义","商场里新开了一家精品店。","A new boutique opened in the mall.","Top quality items.","","名牌"
"Chapter 1","装修","zhuāngxiū","对房屋的装饰。","renovation; decoration","动","内部～；～公司；家庭～","中性","新办公室正在进行内部装修。","The new office is undergoing interior renovation.","Physical building work.","","装饰"
"Chapter 1","门可罗雀","mén kě luó què","比喻门庭冷落，宾客稀少。","deserted; lonely","形","生意～；～游泳池；～市场","贬义","自从超市搬走，这条街就门可罗雀了。","Since the supermarket moved, this street has been deserted.","Literally ""can catch sparrows at the door.""","","冷清"
"Chapter 1","亏损","kuīsǔn","支出超过收入。","loss; deficit","动","严重～；～竞争；陷入～","贬义","由于原材料涨价，公司出现了亏损。","Due to rising material costs, the company suffered a loss.","Financial term.","","赔本"
"Chapter 2","招聘","zhāopìn","用公开招的方式招人。","recruit; hire","动","～广告；～广告；～信息","中性","很多企业在大学校园里招聘毕业生。","Many companies recruit graduates on university campuses.","Official hiring process.","","录用"
"Chapter 2","天生","tiānshēng","天然生成的。","innate; born","形","～的领袖；～产品；买～","中性","他天生就有一副好嗓子。","He was born with a good voice.","Inherent traits.","","生来"
"Chapter 2","公务员","gōngwùyuán","政府机关的工作人员。","civil servant","名","考～；～商店；～品牌","中性","他的梦想是成为一名国家公务员。","His dream is to become a national civil servant.","Government employee.","","官僚"
"Chapter 2","科室","kēshì","管理部门中的各科、室。","administrative section","名","行政～；行政～；技术～","中性","有什么问题可以去行政科室询问。","If you have questions, you can ask at the administrative section.","Typical in Chinese organizations.","","部门"
"Chapter 2","纸上谈兵","zhǐ shàng tán bīng","比喻不联系实际，空发议论。","armchair strategy","动","只会～；～能力；～理论","贬义","做事业不能纸上谈兵，要付诸行动。","You can't just engage in armchair strategy; you must take action.","Derived from military history.","","空谈"
"Chapter 2","凭","píng","根据，靠。","based on; lean on","介","～本事；～经验；～实力","中性","他凭着自己的努力赢得了比赛。","He won the match based on his own efforts.","Source of ability or evidence.","","依靠"
"Chapter 2","成年累月","chéngnián lěi yuè","形容时间长。","year in year out","副","～地工作；～地学习；～地研究","中性","他成年累月地在实验室里做研究。","He works in the lab year in and year out.","Emphasizes long duration.","","长年累月"
"Chapter 2","操持","cāochí","料理、处理。","handle; manage","动","～家务；～家庭；～事业","中性","母亲一辈子都在辛苦地操持家务。","Mother spent her life hard at managing the household.","Usually used for domestic affairs.","","料理"
"Chapter 2","格局","géjú","结构和形式。","pattern; setup","名","世界～；经济～；人生～","中性","我们需要提高自己的眼界和格局。","We need to broaden our horizons and mindset/pattern.","Scale or structural arrangement.","","结构"
"Chapter 2","风险","fēngxiǎn","可能发生的危险。","risk","名","冒～；承担～；降低～","中性","任何投资都伴随着一定的风险。","Any investment comes with a certain risk.","Danger of loss.","","危险"
"Chapter 2","福气","fúqì","享受幸福生活的命运。","good fortune","名","有～；～很大；有～的人","褒义","能有这么孝顺的孩子是你的福气。","It's your good fortune to have such filial children.","Common in social greetings.","","好运"
"Chapter 2","见缝插针","jiàn fèng chā zhēn","比喻利用一切可利用的时间。","make use of every second","动","～地学习；～地复习；～地读书","中性","他在繁忙的工作中见缝插针地学习英语。","He squeezes in English study during his busy work schedule.","Resourcefulness with time/space.","","分秒必争"
"Chapter 2","憧憬","chōngjǐng","一心期望，盼望。","longing; vision","动","～未来；～美好；～幸福","褒义","年轻人对未来充满了美好的憧憬。","Young people are full of beautiful visions for the future.","Emotional longing for the future.","","向往"
"Chapter 2","婆婆妈妈","pópo māma","形容说话唠叨或办事拖沓。","wordy; fussy","形","～的性格；～的人；别～","贬义","他办事总是婆婆妈妈的，不干脆。","He is always fussy and not decisive when doing things.","Usually negative.","","唠叨"
"Chapter 2","深沉","shēnchén","沉着持重，有深度。","deep; profound","形","～的爱；～的思考；～的男人","褒义","他是个性格深沉、不爱说话的人。","He is a person with a deep character who doesn't talk much.","Used for personality or emotions.","","稳重"
"Chapter 2","实力","shílì","实在的力量或能力。","strength; capability","名","展现～；经济～；～强大","中性","这家公司在技术方面拥有雄厚的实力。","This company has strong capabilities in technology.","Actual power.","","力量"
"Chapter 2","雄厚","xiónghòu","人力、物力等充足。","abundant; solid","形","资金～；技术～；人才～","褒义","这所大学拥有雄厚的师资力量。","This university has solid faculty resources.","Used for resources.","","丰富"
"Chapter 2","千载难逢","qiān zǎi nán féng","形容机会极其难得。","once in a lifetime","形","～的机会；～的机会；～的机遇","褒义","这对他来说是一个千载难逢的好机会。","This is a once-in-a-lifetime opportunity for him.","Literally ""hard to meet in 1000 years.""","","难得"
"Chapter 2","简历","jiǎnlì","简明扼要的履历。","resume; CV","名","投递～；写～；更新～","中性","请在面试时带上一份个人简历。","Please bring a personal resume to the interview.","Professional summary.","","履历"
"Chapter 2","硕士","shuòshì","学位的一种。","Master's degree","名","攻读～；读～；～学位","中性","他在美国获得了计算机硕士学位。","He obtained a Master's degree in Computer Science in the US.","Academic title.","","研究生"
"Chapter 2","干部","gànbù","担任领导或管理工作的人员。","cadre; officer","名","基层～；年轻～；机关～","中性","他是一名在政府工作的年轻干部。","He is a young cadre working in the government.","Common in Chinese administration.","","官员"
"Chapter 2","秩序","chéngxù","事情进行的先后次序。","procedure; order","名","法律～；遵守～；按～办事","中性","我们需要按照规定的程序办理手续。","We need to go through the formalities according to the procedure.","Wait for one's turn or logical steps.","","程序"
"Chapter 2","公益","gōngyì","公共的利益。","public welfare","名","～活动；～事业；做～","褒义","很多明星都热衷于参加公益事业。","Many celebrities are keen on participating in public welfare.","Non-profit/charity focus.","","慈善"
"Chapter 2","多才多艺","duō cái duō yì","具有多方面的才能。","versatile; talented","形","～的学生；～广阔；市场～","褒义","她是一个多才多艺的女孩，会唱歌也会画画。","She is a versatile girl who can sing and paint.","Multiple skills.","","全才"
"Chapter 2","家常便饭","jiācháng biànfàn","比喻经常发生的事。","commonplace","名","成了～；～到...；～进","中性","对他来说，加班已经是家常便饭了。","For him, working overtime is already a commonplace occurrence.","Literally ""home-cooked meal.""","","习以为常"
"Chapter 2","前景","qiánjǐng","将来的景象和情况。","prospect; future","名","～光明；～资本；～医院","褒义","这个行业的发展前景非常广阔。","The development prospects of this industry are very vast.","Focuses on potential.","","未来"
"Chapter 2","渗透","shèntòu","逐渐进入，扩展到。","permeate; seep","动","～到生活中；～运转；～机制","中性","互联网已经渗透到了我们生活的方方面面。","The internet has permeated every aspect of our lives.,Slow"," thorough spread.","","进入"
"Chapter 2","民营","mínyíng","私人或集体经营的。","privately run","形","～企业；管理～；用语～","中性","民营经济在我国经济中占有重要地位。","The private economy holds an important position in our country.","Non-state owned.","","私营"
"Chapter 2","薪酬","xīnchóu","报酬，工资。","compensation; salary","名","～待遇；～方式；～团队","中性","这家公司提供的薪酬非常有竞争力。","The compensation offered by this company is very competitive.","Formal term for pay.","","工资"
"Chapter 2","运作","yùnzuò","进行工作，开展活动。","operate; function","动","正常～；～水平；～业绩","中性","市场经济需要按照一定的规则来运作。","The market economy needs to operate according to certain rules.","Business or mechanical process.","","运行"
"Chapter 2","规范","guīfàn","合乎规定或标准。","standard; regulated","形","行为～；自主～；～成功","中性","由于管理不规范，公司出现了很多问题。","Due to unregulated management, the company had many problems.","Following rules.","","标准"
"Chapter 2","营销","yíngxiāo","经营，销售。","marketing","动","～策划；～企业家；～创业","中性","这种新型的营销模式非常成功。","This new type of marketing model is very successful.","Strategic selling.","","销售"
"Chapter 2","提升","tíshēng","向上提高，升格。","enhance; promote","动","～能力；～简单；～容易","褒义","通过培训，员工的技能得到了显著提升。","Through training, the employees' skills were significantly enhanced.","Improvement in quality/level.","","提高"
"Chapter 2","创业","chuàngyè","创办事业。","entrepreneurship","动","回国～；～地通过；～解决","褒义","现在很多大学毕业生选择自主创业。","Now many university graduates choose to start their own businesses.","Starting a business.","","开业"
"Chapter 2","白手起家","báishǒu qǐjiā","形容原来没有基础而创立事业。","start from scratch","动","～的商人；～行业；～之本","褒义","他从一名普通工人白手起家，成了大老板。","Starting from scratch as a worker, he became a big boss.","Building from nothing.","","艰苦创业"
"Chapter 2","并非","bìngfēi","并不是。","is not at all","动","～如此；～梦想；～理想","中性","事实并非你想象的那样简单。","The facts are not at all as simple as you imagine.","Formal negation.","","不是"
"Chapter 2","轻而易举","qīng ér yì jǔ","形容事情做起来很容易。","easy; effortless","形","～地完成；～机构；～市场","中性","由于准备充分，他轻而易举地通过了考试。","Because he prepared well, he passed the exam effortlessly.","Literally ""easy as lifting a feather.""","","容易"
"Chapter 2","立足","lìzú","站稳脚跟，能生存。","gain a foothold","动","～于社会；～名人；接受～","中性","年轻人要在社会上立足，必须有一技之长。","To gain a foothold in society, young people must have a skill.","To survive in a field/place.","","生存"
"Chapter 2","美梦成真","měi mèng chéng zhēn","美好的幻想得以实现。","dreams come true","动","终于～；～鸡；～鸡蛋","褒义","经过多年的努力，他终于美梦成真了。","After years of effort, his dream finally came true.","Wishes becoming reality.","","如愿以偿"
"Chapter 2","金融","jīnróng","指货币流通、银行等。","finance","名","～危机；点～；送～","中性","华尔街是全球著名的金融中心。","Wall Street is a world-famous financial center.","Banking and money markets.","","财政"
"Chapter 2","采访","cǎifǎng","搜集素材；访问。","interview","动","～对象；坚强～；做...的～","中性","记者正在现场采访受灾群众。","The reporter is interviewing the affected people on site.","News gathering.","","访问"
"Chapter 3","散养","sànyǎng","分散饲养或放养。","free-range","动","～土鸡；～为...；大家～","中性","散养的鸡肉质比笼养的更好。","Free-range chicken tastes better than caged chicken.","Used for livestock.","","放养"
"Chapter 3","外卖","wàimài","饭店送的食物。","takeout; delivery","名","叫～；没有～；消除～","中性","下班太累了，我们叫个外卖吧。","Too tired after work, let's order takeout.","Mobile app delivery culture.","","送餐"
"Chapter 3","后盾","hòudùn","比喻背后支持的力量。","backing; support","名","强大的～；～的教授；～的冠军","褒义","家人的支持是他创业最坚强的后盾。","His family's support is the strongest backing for his business.","Symbolic protection.","","支持"
"Chapter 3","公认","gōngrèn","大家一致认为。","universally recognized","动","被～为；慢性～；得了～","褒义","他是公认的一位非常优秀的教师。","He is universally recognized as a very excellent teacher.","General consensus.","","承认"
"Chapter 3","后顾之忧","hòu gù zhī yōu","指后方或家里的忧虑。","worries about the future/home","名","解除～；～住院；得～","中性","公司解决了住房问题，免除了员工的后顾之忧。","The company solved the housing issue, removing employees' worries about home.","Concerns holding one back.","","牵挂"
"Chapter 3","名副其实","míng fú qí shí","名声与实际相符。","worthy of the name","形","～的专家；～治疗；需要～","褒义","他不仅有学历，更有能力，是名副其实的专家。","He has both the degree and the ability; he is an expert worthy of the name.","Truth in labeling.","","名不虚传"
"Chapter 3","咽炎","yānyán","喉咙部位发炎。","pharyngitis","名","患有～；说了一～；跑了一～","中性","教师是一个容易患慢性咽炎的职业。","Teaching is a profession prone to chronic pharyngitis.","Medical condition.","","感冒"
"Chapter 3","急性肺炎","jíxìng fèiyán","急性发作的肺部炎症。","acute pneumonia","名","确诊～；～下来；～生活","中性","他因为急性肺炎需要住院观察。","He needs to be hospitalized for observation due to acute pneumonia.","Medical condition.","","肺病"
"Chapter 3","打点滴","dǎ diǎndī","打静脉点滴。","to have an IV drip","动","去医院～；～的样子；显得～","口语","感冒太严重了，医生建议他去打点滴。","The cold was too severe, so the doctor suggested an IV drip.","Common in Chinese hospitals.","","输液"
"Chapter 3","通","tòng","用于动作。","bout; round","量","骂了一～；～父母；～入微","口语","他对着电话大骂了一通。","He gave a scolding over the phone.","Used for continuous action.","","顿"
"Chapter 3","安顿","āndùn","使人或物安排稳定。","settle down","动","～好家人；怀有～；实现～","中性","等我们在新城市安顿下来，就接父母过来。","When we settle down in the new city, we'll bring our parents over.","Stability in living/working.","","安排"
"Chapter 3","没精打采","méi jīng dǎ cǎi","形容精神低落。","listless; dispirited","形","整天～；～的时候；～的小伙子","贬义","他昨晚没睡好，今天干活没精打采的。","He didn't sleep well last night, so he's listless at work today.","Low energy.","","垂头丧气"
"Chapter 3","体贴","tǐtiē","体察别人的心情并照顾。","considerate; thoughtful","动","～妻子；～地工作；～地学习","褒义","他是一个非常体贴的人，总是照顾别人的感受。","He is a very considerate person, always looking after others' feelings.","Usually in relationships.","","温和"
"Chapter 3","雄心大志","xiónghīn dà zhì","远大的抱负。","lofty ambitions","名","有～；做～；成为～","褒义","年轻人应该有雄心大志，不要只图安逸。","Young people should have lofty ambitions, not just seek comfort.","Great goals.","","雄心壮志"
"Chapter 3","年轻力壮","niánqīng lì zhuàng","年纪小，体力强。","young and strong","形","趁着～；休闲～；商务～","褒义","趁着年轻力壮，你应该多去外面闯闯。","While you're young and strong, you should go out and explore more.","Prime of life.","","血气方刚"
"Chapter 3","一天到晚","yì tiān dào wǎn","整天，成天。","from morning till night","副","～忙个不停；～家务；～责任","中性","他一天到晚都在工作，很少有休息时间。","He works from morning till night, rarely having break time.","All day long.","","整天"
"Chapter 3","贤妻良母","xián qī liáng mǔ","贤惠的妻子，慈爱的母亲。","virtuous wife and good mother","名","标准的～；快～；工作～","褒义","在传统观念里，女性应该做贤妻良母。","In traditional views, women should be virtuous wives and good mothers.","Traditional ideal.","","相夫教子"
"Chapter 3","型","xíng","种类，模型。","type; style","名","运动～；～问题；缺乏～","中性","你喜欢什么类型的音乐？","What type of music do you like?","Categorization.","","类别"
"Chapter 3","团团转","túntúnzhuàn","形容忙碌、焦急。","run around in circles","动","忙得～；您的～；请教～","口语","快过年了，家庭主妇们都忙得团团转。","Chinese New Year is coming; housewives are running around in circles.","Extreme business.","","忙碌"
"Chapter 3","分担","fēndān","担负一部分。","share (a burden)","动","～压力；申请～；拥有～","褒义","夫妻应该共同分担家务。","Couples should share the household chores.","Sharing responsibility/pain.","","分享"
"Chapter 3","节奏","jiézòu","均匀有规律的进程。","rhythm; tempo","名","生活～；～英语；～运动","中性","大城市的生活节奏非常快。","The rhythm of life in big cities is very fast.","Speed of activities.","","韵律"
"Chapter 3","沟通","gōutōng","使彼此通达。","communicate","动","加强～；～在...；～酒吧","中性","良好的沟通是解决矛盾的关键。","Good communication is key to solving conflicts.","Exchange of ideas.","","交流"
"Chapter 3","高见","gāojiàn","尊称对方的见解。","insight; wise opinion","名","您的～；～人士；～了","褒义","对于这个问题，您有什么高见？","What are your wise opinions on this matter?","Respectful term.","","见解"
"Chapter 3","专利","zhuānlì","指某事只有某人享有。","patent; prerogative","名","发明～；家里的～；团队～","中性","做家务可不是女性的专利。","Doing housework is not a woman's prerogative.","Exclusive right.","","特权"
"Chapter 3","擅长","shàncháng","在某方面有专长。","be good at; excel in","动","～社交；事事～；工作～","褒义","她非常擅长烹饪，做的菜很好吃。","She is very good at cooking; her dishes are delicious.","Natural skill.","","精通"
"Chapter 3","泡","pào","较长时间待在某处。","soak; hang out","动","～在图书馆；爱～；～半天","口语","他整个周末都泡在网吧里。","He spent the whole weekend hanging out at the internet cafe.","Spending time (informal).","","泡病号"
"Chapter 3","事业有成","shìyè yǒu chéng","职业做出成绩。","successful in one's career","动","已经是～；让人～；听了～","褒义","他年纪轻轻就事业有成，真让人羡慕。","He's already successful in his career at a young age; it's enviable.","Career accomplishment.","","飞黄腾达"
"Chapter 3","主心骨","zhǔxīngǔ","可以依靠的核心力量。","backbone; pillar","名","家里的～；～和短处；发挥～","褒义","父亲一直是这个家庭的主心骨。","Father has always been the backbone of this family.","Central person or idea.","","依靠"
"Chapter 3","顺心","shùnxīn","合乎心意。","satisfactory; smooth","形","万事～；～起来；～的模样","褒义","最近他事事顺心，心情特别好。","Everything has been going smoothly for him lately; he's in a great mood.","Going as one wishes.","","如意"
"Chapter 3","唠叨","láodao","说起来没完没了。","chatter; nag","动","爱～；专心～；辞职～","贬义","妈妈总是唠叨我要早点睡觉。","Mom is always nagging me to go to bed early.","Repetitive talking.","","碎碎念"
"Chapter 3","宽心","kuānxīn","解除心中的焦急。","reassure; ease one's mind","动","感到～；～公司；找～","褒义","听了你的话，我心里宽心多了。","After hearing what you said, I feel much more at ease.","Relieving worry.","","放心"
"Chapter 3","长处","chángchù","特长，优点。","strength; merit","名","发扬～；～生命；～老人","褒义","每个人都有自己的长处和短处。","Everyone has their own strengths and weaknesses.","Positive attribute.","","优点"
"Chapter 3","眉开眼笑","méi kāi yǎn xiào","形容高兴的样子。","be all smiles","动","笑得～；尝到～；成功的～","褒义","听到获奖的消息，他立刻眉开眼笑。","Hearing the news of the award, he was immediately all smiles.","Visible joy.","","喜笑颜开"
"Chapter 3","相夫教子","xiàng fū jiào zǐ","辅助丈夫、教导孩子。","assist husband and educate children","动","在家～；～氛围；～的回忆","中性","她婚后辞掉工作，在家一心相夫教子。","She quit her job after marriage to focus on her husband and children.","Traditional female role.","","贤妻良母"
"Chapter 3","家政","jiāzhèng","家庭管理工作。","domestic service; housekeeping","名","～服务；～领带；～好","中性","由于工作忙，她请了一位家政人员来帮忙。","Because she's busy with work, she hired a housekeeper to help.","Professional cleaning/help.","","家务"
"Chapter 3","善待","shàndài","很好地对待。","treat well","动","～自己；专业～；工作～","褒义","无论生活多么艰难，我们都要善待生命。","No matter how hard life is, we must treat life well.","Kindness to others/self.","","优待"
"Chapter 3","滋味","zīwèi","味道，某种感受。","taste; flavor; feeling","名","不好受的～；真正～；理论～","中性","只有失败过的人，才知道成功的滋味。","Only those who have failed know the taste of success.","Flavor or abstract feeling.","","味道"
"Chapter 3","温馨","wēnxīn","温和芳香；温暖的。","warm and sweet; cozy","形","～的家；～卡；～牙","褒义","一家人围在一起吃饭，感觉非常温馨。","The whole family eating together feels very warm and cozy.,Soft"," pleasant atmosphere.","","温暖"
"Chapter 3","系","xì","打结，扣。","tie; fasten","动","～鞋带；～他；受到～","中性","出门前，他仔细地系好了领带。","He carefully tied his tie before going out.","Pronounced 'jì' in this context.","","扣"
"Chapter 4","对口","duìkǒu","工作内容与专业一致。","geared to; matching","形","专业～；觉得～；比窦娥还～","中性","他很幸运，找到了一份专业对口的工作。","He is lucky to have found a job that matches his major.","Alignment of skills/tasks.","","对准"
"Chapter 4","学以致用","xué yǐ zhì yòng","学习的知识应用到实际中。","apply what one learns","动","做到～；真是～；～至极","褒义","学习的目的在于学以致用，而不是死记硬背。","The purpose of learning is to apply it, not just rote memorization.","Practical application.","","理论联系实际"
"Chapter 4","刷","shuā","除掉；或者指刷卡。","swipe; scrub","动","～油漆；存心～；～打架","中性","进超市买东西可以直接刷脸支付。","You can pay by swiping (scanning) your face in the supermarket.","Common for cards/tech.","","擦"
"Chapter 4","质问","zhìwèn","责问，问明是非。","interrogate; call to account","动","大声～；～秀丽；长得～","贬义","他愤怒地质问对方为什么要骗他。","He angrily interrogated the other person about why they lied.","Aggressive questioning.","","责备"
"Chapter 4","冤","yuān","冤枉，委屈。","wronged; grievance","形","比～大头；～要做；～保密","中性","这件事明明不是我做的，我觉得很冤。","I clearly didn't do this; I feel very wronged.","Unjust treatment.","","冤枉"
"Chapter 4","岂有此理","qǐ yǒu cǐ lǐ","哪有这个道理。","outrageous; preposterous","形","简直～；遵守～；修改～","贬义","他竟然做出这种事，真是岂有此理！","He actually did such a thing; it's simply outrageous!","Strong expression of disbelief.","","荒谬"
"Chapter 4","找碴","zhǎo chá","特意挑剔。","pick a quarrel; find fault","动","故意～；破～；民事～","贬义","如果你总是故意找碴，我们没法合作。","If you're always looking for trouble, we can't cooperate.","Seeking a fight.","","挑衅"
"Chapter 4","容貌","róngmào","相貌。","appearance; looks","名","～出众；打～；赢～","中性","虽然岁月流逝，她的容貌依然美丽。","Though years have passed, her appearance is still beautiful.","Facial features.","","长相"
"Chapter 4","振振有词","zhènzhèn yǒu cí","理直气壮的样子。","speak plausibly and volubly","副","～地反驳；～方；～律师","贬义","他犯了错还不承认，反而振振有词地辩解。","He committed an error and didn't admit it, but argued volubly instead.","Often implies being wrong but loud.","","理直气壮"
"Chapter 4","貌若天仙","mào ruò tiānxiān","形容非常漂亮。","as beautiful as a goddess","形","长的～；～成功；～面试","褒义","这位女明星貌若天仙，吸引了很多影迷。","This actress is as beautiful as a goddess, attracting many fans.","Hyperbole for beauty.","","倾国倾城"
"Chapter 4","发誓","fāshì","做出庄严承诺。","swear; vow","动","对天～；～内心；深受～","中性","他发誓一定要通过这次困难的考试。","He vowed that he must pass this difficult exam.","Solemn promise.","","宣誓"
"Chapter 4","宪法","xiànfǎ","国家的根本大法。","constitution","名","违反～；～原则；～对待","中性","宪法规定了公民的基本权利和义务。","The constitution stipulates the basic rights and duties of citizens.","Legal foundation.","","法律"
"Chapter 4","案","àn","涉及法律的事件。","case; law case","名","报～；发展～；顺应～","中性","这件盗窃案已经被警方破获了。","This theft case has been solved by the police.","Legal or criminal matter.","","案件"
"Chapter 4","官司","guānsi","指诉讼。","lawsuit","名","打～；打～；～程序","中性","为了争夺遗产，他们兄弟俩在打官司。","To fight over the inheritance, the two brothers are in a lawsuit.","Common term for litigation.","","诉讼"
"Chapter 4","原告","yuángào","提出诉讼的一方。","plaintiff","名","第一～；委托～；全权～","中性","在法庭上，原告陈述了起诉的理由。","In court, the plaintiff stated the reasons for the lawsuit.","Legal term.","","被告"
"Chapter 4","应聘","yìngpìn","参加招聘活动。","apply for a job","动","～职位；～调整；～处理","中性","他打算去应聘那家跨国公司的经理职位。","He plans to apply for the manager position at that multinational.","Job seeking action.","","求职"
"Chapter 4","触动","chùdòng","引起感情变化或回忆。","touch; stir","动","～心灵；～律师；作为～","中性","这部电影深深地触动了我的心。","This movie deeply touched my heart.","Emotional impact.","","感动"
"Chapter 4","公平","gōngpíng","处理合理，不偏袒。","fair; just","形","～竞争；～消息；～公告","褒义","机会面前人人公平。","Everyone is equal before opportunity.","Equality in treatment.","","公正"
"Chapter 4","趋势","qūshì","事物发展的方向。","trend; tendency","名","必然～；～分子；～经营","中性","全球化是当今世界发展的大趋势。","Globalization is a major trend in today's world development.","Direction of change.","","走向"
"Chapter 4","诉讼","sùsòng","打官司。","litigation; lawsuit","动","提起～；正式～；不予～","中性","如果调解不成，我们只能通过诉讼解决。","If mediation fails, we can only solve it through litigation.","Formal legal term.","","官司"
"Chapter 4","代理人","dàilǐrén","代表其进行活动的人。","agent; proxy","名","法定～；～时间；～决定","中性","由于本人无法到场，他委托了代理人。","Since he couldn't be present, he appointed an agent.","Legal representative.","","代表"
"Chapter 4","相应","xiāngyìng","环境相配合。","corresponding; relevant","动","～的措施；悲剧～；美好～","中性","我们必须采取相应的措施来应对危机。","We must take corresponding measures to deal with the crisis.","Matching or appropriate.","","对等"
"Chapter 4","被告","bèigào","被控告的一方。","defendant","名","刑事～；～材料；～申请","中性","被告辩称自己当时并不在案发现场。","The defendant argued that they were not at the crime scene at the time.","Legal term.","","原告"
"Chapter 4","发布","fābù","宣布命令、新闻等。","release; publish","动","～新闻；保护～；合法～","中性","气象台发布了台风黄色预警信号。","The weather station released a yellow typhoon warning signal.","Official announcement.","","公布"
"Chapter 4","违法","wéifǎ","违反法律。","illegal; break the law","动","～行为；～案件；不予～","贬义","任何违法行为都会受到法律的制裁。","Any illegal act will be punished by law.","Breaching legal codes.","","犯罪"
"Chapter 4","立案","lì àn","在机关注册、登记。","register a case","动","批准～；～程序；～机器","中性","公安局已经对这起诈骗案正式立案。","The Public Security Bureau has officially registered a case for this fraud.","Starting the legal process.","","登记"
"Chapter 4","更改","gēnggǎi","更换，改变。","alter; change","动","～计划；～独立；～部门","中性","由于天气原因，运动会的时间需要更改。","Due to weather, the time of the sports meet needs to be altered.","Usually for plans or data.","","改变"
"Chapter 4","结局","jiéjú","最后的结果。","ending; outcome","名","圆满的～；～委托；～处理","中性","这部小说的结局出乎所有人的意料。","The ending of this novel surprised everyone.","Final state.","","结果"
"Chapter 4","撤诉","chèsù","撤回诉讼。","withdraw a lawsuit","动","申请～；变得～；～现象","中性","双方达成了和解，原告决定撤诉。","Both sides reached a settlement, so the plaintiff decided to withdraw the lawsuit.","Legal action stop.","","撤回"
"Chapter 4","权益","quányì","不容侵犯的权利、利益。","rights and interests","名","维护～；棘手～；办～","中性","我们要学会用法律维护自己的合法权益。","We must learn to use the law to protect our legal rights and interests.","Combined concept of rights.","","利益"
"Chapter 4","受理","shòulǐ","接受案件进行处理。","accept a case","动","～申请；～权利；～隐私","中性","法院已经正式受理了这起合同纠纷案。","The court has officially accepted this contract dispute case.","Official handling of a request.","","接受"
"Chapter 4","启动","qǐdòng","机器、设备等开始工作。","start; activate","动","～项目；～结果；一审～","中性","按一下这个按钮，机器就会启动。","Press this button and the machine will start.","Literal or figurative start.","","开始"
"Chapter 4","司法","sīfǎ","依法审判案件的机关。","justice; judicial","动","～公正；～上诉；～请求","中性","司法独立是法治社会的重要基石。","Judicial independence is a cornerstone of a society ruled by law.","Relating to courts/law.","","法律"
"Chapter 4","授权","shòuquán","把权利委托给别人。","authorize; empower","动","获得～；～法院；向...～","中性","他已获得公司授权，代表公司签署合同。","He has been authorized by the company to sign the contract on its behalf.","Granting power.","","委托"
"Chapter 4","司空见惯","sīkōng jiànguàn","经常遇到，习以为常。","commonplace; used to","形","已经是～；～二审；～上级","中性","在一些大城市，交通拥堵已经司空见惯了。","In some big cities, traffic congestion has become commonplace.","Seeing something so often it's normal.","","屡见不鲜"
"Chapter 4","案子","ànzi","案件。","case; law case","名","经手～；～千里马；～的伯乐","口语","他最近在忙一个非常棘手的案子。","He's been busy with a very thorny case lately.","Informal version of 案件.","","案件"
"Chapter 4","侵犯","qīnfàn","非法干涉、损害。","violate; infringe","动","～名誉；～孩子；～作业","贬义","未经允许使用他人的照片属于侵犯肖像权。","Using others' photos without permission constitutes an infringement of portrait rights.","Trespassing on rights.","","损害"
"Chapter 4","一审","yīshěn","第一次开庭审理。","first instance","名","～判决；英语～；参加～","中性","一审判决后，原告表示不服，准备上诉。","After the first instance judgment, the plaintiff disagreed and prepared to appeal.","Initial court phase.","","终审"
"Chapter 4","驳回","bóhuí","不予处理、拒绝。","reject; dismiss","动","～申请；不抱～；～过高","中性","由于证据不足，法官驳回了原告的起诉。","Due to insufficient evidence, the judge dismissed the plaintiff's lawsuit.","Official rejection.","","拒绝"
"Chapter 4","起诉","qǐsù","提起法律诉讼。","sue; prosecute","动","提起～；～不化；～到底","中性","如果你不按时还钱，我将起诉你。","If you don't pay back on time, I will sue you.","Legal charge.","","控告"
"Chapter 4","上诉","shàngsù","向高一级法院申诉。","appeal","动","提出～；考～；拿～","中性","被告对判决不满意，决定向上级法院上诉。","The defendant was dissatisfied with the verdict and decided to appeal to a higher court.","Challenging a verdict.","","申诉"
"Chapter 4","慧眼识珠","huì yǎn shí zhū","称赞人善于识别人才。","have an eye for talent","动","多亏他～；～形势；～难","褒义","多亏了经理慧眼识珠，他这匹千里马才没被埋没。","Thanks to the manager's eye for talent, this genius wasn't overlooked.","Recognizing hidden value.","","识才"


****
"Chapter 5","督促","dūcù","监督并催促。","supervise and urge","动","～学习；表达～；尊重～","中性","家长应该督促孩子按时完成作业。","Parents should urge their children to finish homework on time.","Pushing for action.","","催促"
"Chapter 5","考级","kǎo jí","参加专业定级考试。","take a grade exam","动","参加钢琴～；一片～；理解～","中性","很多家长在暑假期间带孩子去参加钢琴考级。","Many parents take their children for piano grade exams during summer break.","Standardized skill testing.","","考试"
"Chapter 5","奢望","shēwàng","过高的希望。","wild hope; extravagant demand","名","不敢～；～太高；降低～","贬义","对他来说，能吃顿饱饭就是一种奢望。","For him, being able to eat a full meal is an extravagant hope.","Unrealistic expectation.","","期望"
熏陶
高雅
"Chapter 5","就业","jiùyè","得到职业，参加工作。","employment; get a job","动","～机会；～十足；有～","中性","政府正在努力通过多种渠道解决大学生就业问题。","The government is working hard to solve graduate employment through various channels.","Joining the workforce.","","失业"
"Chapter 5","意愿","yìyuàn","愿望，心愿。","aspiration; desire","名","尊重个人～；技术～；～员工","中性","我们应该尊重孩子选择专业的个人意愿。","We should respect children's personal aspirations when choosing a major.","One's own will.","","愿望"
"Chapter 5","苦心","kǔxīn","辛苦地用在某些事上的心思。","painstaking effort","名","一片～；～态度；～负责","褒义","父母的这一片苦心，你现在还不能完全理解。","You can't fully understand your parents' painstaking efforts yet.","Great care and thought.","","操心"
"Chapter 5","期望值","qīwàng zhí","希望的程度。","expectation level","名","～过高；～学生；～人才","中性","如果期望值定得太高，很容易产生挫败感。","If the expectation level is set too high, it's easy to feel frustrated.","Degree of hope.","","期望"
鹏程万里
料
尽力而为
但愿

"Chapter 5","成才","chéngcái","成为人才。","become a useful person","动","培养～；酒～；后～大","褒义","父母辛苦工作，就是为了供孩子读书成才。","Parents work hard just to support their children's education and success.","Achieving potential.","","成功"
包办
"Chapter 5","心甘情愿","xīn gān qíng yuàn","从心底愿意。","be perfectly willing","动","～地付出；～农民；～生活","中性","为了能让孩子受到更好的教育，父母心甘情愿吃苦。","To give their child a better education, parents are perfectly willing to endure hardship.","Total willingness.","","情愿"
"Chapter 5","心态","xīntài","心理状态。","mindset; attitude","名","调整～；～知识；～技能","中性","面对困难，保持一个积极乐观的心态很重要。","When facing difficulties, maintaining a positive and optimistic mindset is important.","State of mind.","","心理"
"Chapter 5","传授","chuánshòu","把知识、技艺教给别人。","pass on (knowledge)","动","～经验；～进步；完成～","中性","老教授无私地向年轻人传授学术知识。","The old professor selflessly passed on academic knowledge to young people.","Teaching skills/wisdom.","","教授"
"Chapter 5","撒手","sāshǒu","放开手；不管不问。","wash one's hands of; let go","动","～不管；暴露～；弥补～","中性","孩子已经长大了，父母应该学会撒手。","The children have grown up; parents should learn to let go.","Quitting responsibility.","","不管"
强加
"Chapter 5","足够","zúgòu","达到应有的量。","enough; sufficient","形","～的理由；～于...；～态度","中性","只要有足够的信心，就没有克服不了的困难。","As long as there is sufficient confidence, no difficulty is insurmountable.","Adequate quantity.","","充足"
"Chapter 5","后劲","hòujìn","事物完成后所表现的力量。","after-effect; lingering power","名","有力～；～父母；～老师","中性","这种酒的后劲很大，喝的时候要小心。","This wine has a strong after-effect; be careful when drinking.","Continuing impact.","","后力"
揠苗助长
神童
了不得
"Chapter 5","体验","tǐyàn","通过实践认识事物。","experience (firsthand)","动","～生活；～的惊喜；～的事","中性","作家经常去农村体验生活，寻找灵感。","Writers often go to the countryside to experience life and find inspiration.","Personal involvement.","","体会"
"Chapter 5","学业","xuéyè","学习的功课。","one's studies; academics","名","～完成；技术～；理论～","中性","希望你能在新的学期里学业进步。","I hope you make progress in your studies in the new semester.","Education path.","","功课"
"Chapter 5","弱点","ruòdiǎn","不足的地方。","weak point; weakness","名","克服～；太～；～主义","中性","他性格过于急躁，这是他最大的弱点。","He is too impatient; that's his biggest weakness.","Flaw or soft spot.","","缺点"
"Chapter 5","人际交往","rénjì jiāowǎng","人与人之间交往。","interpersonal communication","名","擅长～；孩子～；别～","中性","大学不仅是学习知识的地方，也是练习人际交往的场所。","University is not just for learning knowledge, but also for practicing interpersonal communication.","Socializing.","","社交"
"Chapter 5","卓越","zhuóyuè","非常优秀，超出一般。","outstanding; brilliant","形","～的成就；～的孩子；太～","褒义","他在医学研究方面取得了卓越的成就。","He has achieved outstanding results in medical research.","Exceptional quality.","","优秀"
取决
"Chapter 5","智力","zhìlì","理解和解决问题的能力。","intelligence","名","～开发；经受～；面对～","中性","充足的睡眠对青少年的智力发育非常重要。","Sufficient sleep is very important for the intellectual development of teenagers.","Mental capacity.","","才智"
"Chapter 5","夸奖","kuājiǎng","称赞。","praise; compliment","动","受到～；～压力；～能力","褒义","邻居们都夸奖他是一个懂事的好孩子。","The neighbors all praised him for being a sensible child.","Verbal approval.","","表扬"
"Chapter 5","意想不到","yìxiǎng bù dào","没有预想到。","unexpected; unforeseen","形","～的收获；～测试；～和情商","中性","这次旅行带给我许多意想不到的惊喜。","This trip brought me many unexpected surprises.","Surprising outcome.","","料不到"
"Chapter 5","层面","céngmiàn","方面。","level; aspect","名","精神～；培养～；～高","中性","我们需要从多个层面来分析这个问题。","We need to analyze this problem from multiple levels.","Deeper or broader angle.","","方面"
"Chapter 5","功利","gōnglì","名声和利益。","utilitarian; fame and wealth","名","过于～；～消费；～投资","贬义","教育不应该过于功利，要关注学生的全面发展。","Education shouldn't be too utilitarian; it must focus on overall development.","Focusing purely on reward.","","利益"
"Chapter 5","挑食","tiāoshí","对食物有所选择。","be picky about food","动","从小～；～市场；～产业","贬义","小孩子挑食容易导致营养不均衡。","Children being picky about food can easily lead to nutritional imbalance.","Negative eating habit.","","偏食"
"Chapter 5","娇气","jiāoqì","性格脆弱，经不起吃苦。","fragile; squeamish","形","～惯了；～理解；～友谊","贬义","现在的孩子大都是独生子女，难免有些娇气。","Most children today are only children, so it's unavoidable they're a bit fragile.","Easily upset or hurt.","","脆弱"
"Chapter 5","脆弱","cuìruò","不坚强。","fragile; weak","形","感情～；～信息；沟通～","贬义","他的心理承受能力比较脆弱，经不起打击。","His mental resilience is quite fragile and can't take a blow.","Physical or mental weakness.","","虚弱"
"Chapter 5","挫折","cuòzhé","失败、失误。","setback; frustration","名","遇到～；支柱～；传统～","中性","在人生的道路上，谁都会遇到一些挫折。","On the road of life, everyone will encounter some setbacks.","Difficulties/failure.","","失败"
"Chapter 5","承受","chéngshòu","接受，禁受。","bear; endure","动","～压力；银行～；活期～","中性","作为一名医生，必须能承受巨大的工作压力。","As a doctor, one must be able to bear huge work pressure.","Supporting weight or stress.","","忍受"
"Chapter 5","智商","zhìshāng","智力商数。","IQ","名","～高；～意识；～存款","中性","虽然他的智商很高，但学习并不努力。","Although his IQ is high, he doesn't work hard at studying.","Mental metric.","","智力"
"Chapter 5","情商","qíngshāng","情感商数。","EQ","名","提高～；～过日子；～的日子","褒义","在职场中，情商往往比智商更重要。","In the workplace, EQ is often more important than IQ.","Emotional intelligence.","","心理素质"
"Chapter 5","自理","zìlǐ","自己料理。","self-care; provide for oneself","动","生活～；花销～；每月～","褒义","他在上大学前就学会了生活自理。","He learned to take care of himself before going to university.","Personal independence.","","独立"
可怜天下父母心
三天打鱼两天晒网
放羊
吃得苦中苦，方为人上人
望子成龙，望女成凤
平常心
马拉松
悠着点儿
老天爷
豆芽菜，小胖墩
衣来伸手 饭来张口
草莓族

"Chapter 7","婚纱","hūnshā","新娘穿的礼服。","wedding dress","名","试穿～；～几十年；夫妻～","中性","穿上白色的婚纱是很多女孩的梦想。","Wearing a white wedding dress is the dream of many girls.","Wedding attire.","","礼服"
"Chapter 7","折腾","zhēteng","翻来覆去；折磨。","toss about; mess around","动","来回～；～在...；阳光～","口语","他病还没好就急着出院，结果又折腾病了。","He rushed to leave the hospital before recovering and ended up getting sick again from the fuss.","Repeated fruitless action.","","折磨"
"Chapter 7","如花似玉","rú huā sì yù","形容女子美丽。","as beautiful as flowers and jade","形","长得～；用～；恰当的～","褒义","新娘子长得如花似玉，大家都夸好看。","The bride is as beautiful as flowers and jade; everyone praises her looks.","Classic idiom for beauty.","","貌美"
"Chapter 7","燕尾服","yànwěifú","男式黑色晚礼服。","swallowtail coat; tuxedo","名","身穿～；成功的～；减肥～","中性","指挥家穿着整洁的燕尾服走上了舞台。","The conductor walked onto the stage wearing a neat swallowtail coat.","Formal wear.","","礼服"
"Chapter 7","绅士","shēnshì","有教养的人物。","gentleman","名","～风度；～的细节；～问题","褒义","他在公共场合总是表现得很有绅士风度。","He always behaves with a very gentlemanly manner in public.,Polite"," cultured man.","","君子"
"Chapter 7","风风雨雨","fēngfēng yǔyǔ","比喻艰难困苦。","hardships; trials and tribulations","名","经历了～；互相～；～缺点","中性","这对老夫妻一起走过了几十年的风风雨雨。","This old couple has gone through decades of trials and tribulations together.","Life's difficulties.","","坎坷"
"Chapter 7","弥补","míbǔ","补偿，补救。","make up for; remedy","动","～过失；～阶段；～期","中性","无论做多少事，也无法弥补我内心的愧疚。","No matter how much I do, I cannot make up for the guilt in my heart.","Fixing a gap or error.","","补偿"
缺憾
"Chapter 7","孝心","xiàoxīn","孝敬的心意。","filial heart; piety","名","一片～；举行～；参加～","褒义","这是孩子的一片孝心，你就收下吧。","This is the child's filial heart; please accept it.","Intent to be filial.","","孝道"
"Chapter 7","清贫","qīngpín","清苦贫寒。","humble/poor (but clean)","形","生活～；扫～；上～","中性","那位老教授一生过着清贫而充实的生活。","That old professor lived a humble but fulfilling life.","Usually refers to intellectuals.","","贫穷"
"Chapter 7","纯真","chúnzhēn","纯洁真实。","pure; innocent","形","～的友谊；人生～；避免～","褒义","我最怀念童年时代那份纯真的快乐。","I miss that pure happiness of childhood most.","Genuine and uncorrupted.","","纯洁"
"Chapter 7","风雨同舟","fēng yǔ tóng zhōu","比喻同患难。","in the same boat; through thick and thin","动","～的朋友；祝...～；白头～","褒义","在公司最困难的时候，员工们选择与老板风雨同舟。","During the company's hardest time, employees chose to stand with the boss through thick and thin.","Mutual help in crisis.","","同甘共苦"
"Chapter 7","相濡以沫","xiāng rú yǐ mò","比喻相互救助。","mutual help in difficult times","动","夫妻～；～自己；到处～","褒义","他们夫妻俩在艰难的岁月里相濡以沫。","The couple helped each other out through the hard years.","Deep mutual support.","","患难与共"
酿造
"Chapter 7","比喻","bǐyù","用某些事物比拟。","metaphor; analogy","名","打个～；～多年；婚前～","中性","作者把少年比喻成早晨八九点钟的太阳。","The author likened youth to the sun at eight or nine in the morning.","Literary device.","","比拟"
"Chapter 7","贴切","tiēqiè","恰当、确切。","apt; appropriate","形","形容得～；婚前～；做～","褒义","这个形容词用在这里非常贴切。","This adjective is very apt here.","Perfect fit for words/concepts.","","恰当"
"Chapter 7","秘诀","mìjué","不公开的巧妙办法。","secret (of success)","名","长寿的～；～中；～期","中性","勤奋和坚持是成功的唯一秘诀。","Hard work and persistence are the only secrets to success.","Key to a result.","","奥秘"
"Chapter 7","无关紧要","wúguān jǐnyào","不重要。","immaterial; of no consequence","形","～的小事；～金；～方","中性","只要大方向是对的，这些细节都无关紧要。","As long as the general direction is right, these details are immaterial.","Not vital.","","不重要"
"Chapter 7","包容","bāoróng","宽容。","tolerate; forgive; embrace","动","～他人；财产～；合同～","褒义","家人之间应该互相包容，多一些理解。","Family members should tolerate each other and have more understanding.","Open-mindedness.","","宽容"
"Chapter 7","磨合","móhé","逐渐相互适应。","break in; fit in","动","处于～期；～的选择；～之举","中性","新员工和团队之间还需要一段时间的磨合。","New employees and the team still need some time to fit in.","Getting used to each other.","","适应"
"Chapter 7","化解","huàjiě","消除矛盾、问题。","resolve; dissolve","动","～危机；调解～；发生～","中性","微笑是化解尴尬的最好办法。","A smile is the best way to resolve embarrassment.","Neutralizing a negative.","","消除"
茅塞顿开
"Chapter 7","坟墓","fénmù","埋葬死人的穴。","grave; tomb","名","守望～；关系～；结构～","中性","婚姻不是爱情的坟墓。","Marriage is not the grave of love.","Final resting place.","","墓地"
"Chapter 7","悲剧","bēijù","不幸的遭遇。","tragedy","名","造成～；稍有～；一有～","贬义","贪婪往往是导致人生悲剧的根源。","Greed is often the root cause of personal tragedy.","Sad outcome or play type.","","惨剧"
"Chapter 7","白头到老","bái tóu dào lǎo","夫妻生活到老。","grow old together","动","祝你们～；～地问；～打扰","褒义","在婚礼上，亲友们都祝福新人白头到老。","At the wedding, friends and family wished the couple to grow old together.","Lifelong marriage.","","白头偕老"
"Chapter 7","张扬","zhāngyáng","宣扬出去。","flaunt; publicize","动","到处～；当～；～难当","贬义","他这人很低调，从来不四处张扬自己的成绩。","He is very low-key and never flaunts his achievements everywhere.","Making something public.","","宣扬"
"Chapter 7","委曲求全","wěiqū qiú quán","勉强忍受以求保全。","compromise for the sake of the whole","动","～的做法；不好意思～；难以～","中性","为了维持团队的和谐，他只好委曲求全。","To maintain team harmony, he had to compromise.","Self-sacrifice for a goal.","","忍让"
"Chapter 7","同居","tóngjū","未婚共同生活。","cohabitation","动","～生活；～矛盾；～相处","中性","他们俩在结婚前已经同居一年了。","The two had already been cohabiting for a year before getting married.","Living together.","","同住"
"Chapter 7","公证","gōngzhèng","由证明机构证明。","notarization","动","进行房产～；～可爱；说话～","中性","为了避免日后产生纠纷，他们去做了婚前财产公证。","To avoid future disputes, they went for a pre-marital property notarization.","Legal verification.","","证明"
"Chapter 7","热恋","rèliàn","热烈地恋爱。","be deeply in love","动","正处于～；创造～；历史～","褒义","这对热恋中的情侣计划明年结婚。","This couple deeply in love plans to get married next year.","Intense romance.","","相爱"
"Chapter 7","违约","wéiyuē","违背条约。","breach of contract","动","承担～责任；～物资；～器官","贬义","任何一方违约，都必须支付违约金。","If either party breaches the contract, they must pay a penalty.","Breaking an agreement.","","失约"
"Chapter 7","明智","míngzhì","有远见，想得周到。","wise; sensible","形","～的选择；～万分；～不已","褒义","面对危机，他做出了一个非常明智的决定。","Facing the crisis, he made a very wise decision.","Good judgment.","","聪明"
"Chapter 7","纠纷","jiūfēn","争执的事情。","dispute; quarrel","名","产生～；力量～；贡献～","贬义","邻里之间难免会产生一些小纠纷。","It's unavoidable that small disputes arise between neighbors.","Ongoing disagreement.","","争执"
"Chapter 7","见外","jiànwài","当成外人看待。","treat as an outsider","形","别太～；～潦倒；～的处境","口语","大家都是好朋友，你就别见外了。","We are all good friends; don't be so formal/treat me like an outsider.","Usually used as ""don't be a stranger.""","","客气"
"Chapter 7","松散","sōngsǎn","结构不紧密。","loose; lax","形","组织～；闯过～；面临～","中性","由于缺乏统一的管理，这个小组的组织很松散。","Due to lack of unified management, this group's organization is loose.","Not tight.","","松动"
"Chapter 7","风吹草动","fēng chuī cǎo dòng","比喻轻微的变化。","a rustle in the grass; sign of trouble","名","有一点～；～学生；～贫困","中性","这个消息非常敏感，有一点风吹草动都会引起股市波动。","This news is very sensitive; any slight change will cause stock fluctuations.","First signs of change.","","变动"
"Chapter 7","冒昧","màomèi","言行不顾是否适合(谦辞)。","presumptuous; take the liberty","形","～地打扰；组织～；～活动","中性","我想冒昧地请教您一个问题。","I'd like to take the liberty of asking you a question.","Polite way to intrude.","","唐突"
"Chapter 7","后妈","hòumā","父亲后娶的妻子。","stepmother","名","她是～；～工人；～将士","口语","虽然是后妈，但她对孩子比亲妈还亲。","Although she is the stepmother, she is closer to the child than a biological mother.","Informal for 继母.","","继母"
松口
"Chapter 7","婆媳","póxí","婆婆和儿媳。","mother-in-law and daughter-in-law","名","～关系；不能～；岂能～","中性","处理好婆媳关系是家庭和谐的重要部分。","Handling the mother-daughter-in-law relationship well is key to family harmony.","Specific family dynamic.","","亲属"
"Chapter 7","乖巧","guāiqiǎo","善解人意、讨人喜欢。","clever and obedient; cute","形","长得～；～奉献；～精神","褒义","这个小女孩长得漂亮，嘴巴也甜，非常乖巧。","This little girl is pretty and well-spoken; she's very clever and obedient.","Well-behaved.","","听话"
喜糖
过来人
保鲜
金无足赤，人无完人
情人眼里出西施
睁一只眼闭眼一只眼
难得糊涂
三思而后行
围城
丑话说在前头
多了一个心眼儿
转不过弯来
思想工作
说到底
和你一起慢慢老



"Chapter 8","壮举","zhuàngjǔ","伟大的行为。","magnificent feat; heroic act","名","完成～；希望～；争取～","褒义","横跨大西洋的航行是一次真正的壮举。","Sailing across the Atlantic was a truly magnificent feat.","Heroic or grand action.","","伟绩"
"Chapter 8","捐","juān","献出财物。","donate","动","～款；～照办；～执行","中性","他把积攒多年的养老钱都捐给了灾区。","He donated all his retirement savings to the disaster area.","Giving to charity.","","献"
"Chapter 8","受宠若惊","shòu chǒng ruò jīng","受到优待而惶恐。","be overwhelmed by unexpected favor","动","感到～；～人；帮助～","中性","突然得到总裁的亲自接见，他感到受宠若惊。","Suddenly being received by the president personally, he felt overwhelmed by the favor.","Flattered and surprised.","","受宠"
"Chapter 8","微薄","wēibó","量少，薄弱。","meager; scanty","形","收入～；～学校；～通道","中性","尽管收入微薄，他仍然坚持每月资助一名贫困学生。","Despite his meager income, he still insists on supporting a poor student monthly.","Very small amount.","","微小"
"Chapter 8","杯水车薪","bēi shuǐ chē xīn","比喻力量太小无济于事。","an utterly inadequate measure","动","简直是～；～灵活；～自如","贬义","这点钱对于巨大的债务来说，简直是杯水车薪。","This little money is utterly inadequate for such a huge debt.","Literally ""a cup of water for a wagon of burning wood.""","","无济于事"
"Chapter 8","贫困","pínkùn","贫穷困苦。","impoverished; poverty","形","～地区；竖起～；小～","贬义","政府正在采取措施帮助贫困人口脱贫。","The government is taking measures to help the impoverished population out of poverty.","Extreme lack of money.","","贫穷"
"Chapter 8","难关","nánguān","不容易克服的困难。","crisis; difficulty","名","度过～；放～；加～","中性","在朋友们的帮助下，他终于度过了这次经济难关。","With the help of friends, he finally got through this financial crisis.","Barrier to overcome.","","困难"
"Chapter 8","资助","zīzhù","用财物帮助。","subsidize; financial aid","动","～学费；十分～；搞得～","褒义","这位企业家已经先后资助了几十名失学儿童。","This entrepreneur has successively subsidized dozens of dropouts.","Financial support.","","补助"
"Chapter 8","募捐","mùjuān","广泛征集捐款。","raise funds; collect donations","动","发起～；～地跑；～回家","中性","学校组织学生为患病的同学进行募捐。","The school organized students to raise funds for a sick classmate.","Fundraising.","","筹款"
"Chapter 8","慰劳","wèiláo","安慰和慰问。","appreciate; reward with gifts","动","～官兵；屡屡～；到处～","褒义","村民们带着花生和水果去慰劳修路的工人们。","Villagers brought peanuts and fruit to reward the road workers.","Showing care for workers.","","慰问"
"Chapter 8","宗旨","zōngzhǐ","主要的思想和目的。","aim; purpose; mission","名","服务～；十分～；感到～","中性","本协会的宗旨是促进中外文化交流。","The mission of this association is to promote cultural exchange.","Core guiding principle.","","目的"
"Chapter 8","袖手旁观","xiù shǒu páng guān","比喻置身事外。","stand by with folded arms; look on","动","不能～；～乐业；～下来","贬义","看到别人有困难，我们不能袖手旁观。","When seeing others in trouble, we cannot just stand by and look on.","Indifference to others' problems.","","冷眼旁观"
五体投地
"Chapter 8","将功补过","jiāng gōng bǔ guò","用功劳弥补过失。","atone for one's crimes by good deeds","动","以此～；精准扶贫～；～工作","中性","他希望通过在接下来的比赛中拿金牌来将功补过。","He hopes to atone for his mistakes by winning a gold medal in the next match.","Offsetting a mistake.","","改过自新"
"Chapter 8","遵命","zūnmìng","遵照命令。","obey; as you command","动","一概～；消费者～；～途径","中性","既然是您的要求，那我一定遵命。","Since it's your request, I will certainly obey.","Formal or humorous obedience.","","服从"
"Chapter 8","残疾","cánjí","肢体、功能方面的缺陷。","disability; handicapped","名","身体～；申请～；～金","中性","我们要尊重残疾人，为他们提供更多的便利。","We should respect people with disabilities and provide more convenience for them.","Physical impairment.","","残障"
"Chapter 8","盲人","mángrén","失去视力的人。","blind person","名","一位～；～物资；～奖金","中性","盲人可以通过触摸布莱叶盲文来阅读。","Blind people can read by touching Braille.","Non-sighted person.","","瞎子"
"Chapter 8","易如反掌","yì rú fǎn zhǎng","比喻事情很容易。","as easy as falling off a log","形","简直～；～支持；～发展","褒义","这道题对他这个数学天才来说简直是易如反掌。","This problem is as easy as falling off a log for a math genius like him.","Literally ""easy as flipping one's palm.""","","轻而易举"
"Chapter 8","小拇指","xiǎomǔzhǐ","小指。","little finger; pinky","名","伸出～；～建设；～活动","中性","他的左手小拇指在受伤后有点不灵活。","His left pinky is a bit stiff after the injury.","Part of the hand.","","小指"
"Chapter 8","调料","tiáoliào","调味品。","seasoning; condiment","名","添加～；～的；整天～","中性","炒菜时放点醋这种调料可以增加香味。","Adding vinegar as a seasoning when cooking can enhance the aroma.","Cooking ingredients.","","佐料"
"Chapter 8","狼狈","lángbèi","形容窘迫或难堪。","wretched; in a sorry state","形","～不堪；当～；青年～","贬义","突然的一场大雨把大家都淋得很狼狈。","A sudden heavy rain left everyone in a sorry state.","Distressed and messy.","","尴尬"
"Chapter 8","跌跌撞撞","diēdiē zhuàngzhuàng","走路摇晃不稳。","stagger; stumble","副","～地走着；提高～；文化～","中性","喝醉的他跌跌撞撞地往家走去。","Drunk, he staggered his way home.","Unsteady movement.","","蹒跚"
"Chapter 8","碰壁","pèngbì","遇到阻碍、拒绝。","hit a brick wall; rebuffed","动","到处～；～效应；产业～","口语","他找工作时到处碰壁，心情非常沮丧。","He hit a brick wall everywhere while looking for a job and felt very depressed.","Metaphor for failure/rejection.","","受挫"
"Chapter 8","欣慰","xīnwèi","感到欣喜而安慰。","gratified; relieved and happy","形","感到～；艺术～；达到...～","褒义","看到孩子终于懂事了，母亲感到非常欣慰。","Seeing that the child finally became sensible, the mother felt very gratified.","Positive internal feeling.","","安慰"
"Chapter 8","安居","ānjū","安定地居住。","live in peace","动","～乐业；干得～；办得～","褒义","只有社会稳定，人民才能安居乐业。","Only with social stability can the people live and work in peace.","Secure living.","","定居"
"Chapter 8","康复","kāngfù","恢复健康。","recover; rehabilitate","动","身体～；～动物；～树木","褒义","经过一段时间的治疗，他的身体已经完全康复了。","After a period of treatment, his body has fully recovered.","Healing process.","","恢复"
"Chapter 8","扶贫","fúpín","扶助贫困。","poverty alleviation","动","～项目；～废品；～东西","中性","精准扶贫是国家当前的一项重要工作。","Targeted poverty alleviation is an important current task for the country.","Helping the poor develop.","","济贫"
"Chapter 8","维权","wéiquán","维护合法权利。","protection of rights","动","～意识；～街头；～狗","中性","消费者的维权意识正在不断增强。","Consumers' awareness of protecting their rights is constantly increasing.","Legal advocacy.","","维护权益"
"Chapter 8","助学","zhùxué","帮助贫困者完成学业。","student aid; educational support","动","～贷款；～热线；健康～","中性","希望助学金能帮助贫困学子圆大学梦。","I hope the student aid grant can help poor students fulfill their college dreams.","Helping students financially.","","奖学"
"Chapter 8","发放","fāfàng","把钱或物发给需要的人。","issue; distribute","动","～工资；每年～；做～","中性","救灾物资正在有序地向灾民发放。","Disaster relief supplies are being orderly distributed to the victims.","Giving out officially.","","分发"
"Chapter 8","全方位","quánfāngwèi","事物的各个方面。","all-around; omni-directional","名","～合作；～不轻；～重","中性","两国决定开展全方位的经济合作。","The two countries decided to carry out all-around economic cooperation.","Every angle.","","全面"
"Chapter 8","社区","shèqū","社会群体；居民区。","community; neighborhood","名","～服务；减轻～；挑～","中性","我们社区经常组织老年人开展文体活动。","Our community often organizes cultural and sports activities for the elderly.","Local residential area.","","小区"
"Chapter 8","乐呵呵","lèhēhē","形容高兴的样子。","happy-go-lucky; smilingly","形","整天～；～之间；～A与B","褒义","爷爷每天都乐呵呵的，好像从来没有烦心事。","Grandpa is smilingly happy every day, as if he never has worries.","Visible cheerfulness.","","乐滋滋"
"Chapter 8","义工","yìgōng","自愿参加无报酬工作人员。","volunteer","名","做～；视力～；记忆力～","褒义","暑假期间，很多中学生去图书馆当义工。","During summer break, many middle school students work as volunteers at the library.","Unpaid service.","","志愿者"
"Chapter 8","素质","sùzhì","平时的修养、水平。","quality (of a person); character","名","国民～；极度～；感到～","中性","提高全民族的科学文化素质非常重要。","It is very important to improve the scientific and cultural quality of the whole nation.","Personal cultivation.","","修养"
"Chapter 8","集聚","jíjù","集合、聚集。","gather; assemble","动","人才～；～症；越来越～","中性","这里集聚了全国最顶尖的科研人才。","The nation's top scientific research talents are gathered here.","Mass collection of things/people.","","聚集"
"Chapter 8","境界","jìngjiè","达到的程度或情况。","realm; level; state","名","思想～；～习惯；～影响","褒义","这幅画表现出一种极高的艺术境界。","This painting shows a very high artistic realm.","Spiritual or professional level.","","层界"
"Chapter 8","有声有色","yǒu shēng yǒu sè","形容表现得生动。","vivid and dramatic; impressive","形","搞得～；戒除～；反对～","褒义","他在学校把学生会的工作干得有声有色。","He ran the student union work at school in an impressive and vivid way.","Full of life and success.","","生动"
"Chapter 8","认养","rènyǎng","确认承担抚养或保护任务。","adopt (a tree/pet/etc.)","动","～绿地；合理～；～搭配","中性","市民可以认养公园里的小树，并负责照看。","Citizens can adopt a small tree in the park and be responsible for looking after it.","Taking responsibility for something.","","领养"
"Chapter 8","捡拾","jiǎnshí","拾取。","pick up; collect","动","～垃圾；供求～；心理～","中性","志愿者们在海滩上捡拾游客丢弃的垃圾。","Volunteers are picking up trash discarded by tourists on the beach.","Gathering items from the ground.","","拾取"
"Chapter 8","流浪","liúlàng","没有固定住所到处漂泊。","roam; wander","动","～汉；铲除～；留下～","贬义","他年轻时曾独自一人在异国他乡流浪。","He once wandered alone in a foreign land when he was young.","Homeless wandering.","","漂泊"
白血病
不敢当
曾漏偏逢连夜雨
众人恰柴火焰高
爱心社
小犬马之劳
弱势群体
真人秀
两眼一抹黑
抓瓜老人 空巢老人
临终关怀
毋以善小而不为


"Chapter 9","咨询","zīxún","询问意见。","consult; seek advice","动","法律～；忙于～；避免～","中性","如果你有任何疑问，可以拨打咨询电话。","If you have any questions, you can call the consultation number.","Professional inquiry.","","询问"
"Chapter 9","体检","tǐjiǎn","体格检查。","physical exam; check-up","动","定期～；～服务；～电话","中性","为了健康，我们应该每年进行一次体检。","For health, we should undergo a physical check-up once a year.","Medical screening.","","检查"
"Chapter 9","记性","jìxing","记忆力。","memory","名","～好；单位～；～报告","口语","人上了年纪，记性就越来越差了。","As people get older, their memory gets worse and worse.","Informal term for memory.","","记忆力"
"Chapter 9","够呛","gòuqiàng","形容情况严重难以承受。","unbearable; terrible","形","累得～；～差；～不好","口语","今天的活儿真多，把我累得够呛。","There was so much work today; it wore me out terribly.","Extreme degree.","","受不了"
"Chapter 9","总管","zǒngguǎn","全面管理事务的人。","manager; director-general","名","后勤～；冷得～；忙得～","中性","他是这个项目的总管，负责协调各方工作。","He is the manager of this project, responsible for coordinating all parties.","Overall leader.","","主管"
"Chapter 9","担子","dànzi","比喻担负的责任。","burden; load; responsibility","名","～很重；项目～；财务～","中性","作为班长，他肩上的担子可不轻啊。","As the class monitor, the burden on his shoulders is not light.","Symbolic weight of duty.","","责任"
"Chapter 9","介于","jièyú","在两者之间。","between; intermediate","动","～两者之间；肩上的～；挑～","中性","这种颜色介于红色和紫色之间。","This color is between red and purple.","Position in a range.","","处于"
"Chapter 9","减退","jiǎntuì","下降，减弱。","decline; abate","动","功能～；～红色与紫色；～二者","贬义","随着年龄的增长，人的听力会逐渐减退。","As age increases, one's hearing will gradually decline.","Decreasing in strength.","","下降"
"Chapter 9","疲乏","pífá","因消耗过多需要休息。","fatigued; weary","形","感到～；听力～；视力～","中性","长途旅行后，他感到非常疲乏。","After the long trip, he felt very fatigued.","Physical tiredness.","","疲劳"
"Chapter 9","健忘","jiànwàng","记忆力差，容易忘。","forgetful","形","～症；身体～；十分～","贬义","由于最近压力太大，他变得有些健忘。","Due to too much pressure lately, he has become a bit forgetful.","Prone to forgetting.","","丢三落四"
"Chapter 9","不良","bùliáng","不好的。","bad; harmful; unhealthy","形","～嗜好；有点～；～严重","贬义","长期熬夜是对身体非常不利的不良习惯。","Staying up late long-term is an unhealthy habit that's very bad for the body.","Negative quality.","","不好"
"Chapter 9","酗酒","xùjiǔ","无节制地饮酒。","excessive drinking; alcoholism","动","长期～；～影响；～行为","贬义","酗酒不仅伤害身体，还可能引发社会问题。","Excessive drinking not only hurts the body but can also cause social problems.","Abuse of alcohol.","","贪杯"
"Chapter 9","膳食","shànshí","每天吃的饭菜。","diet; meal","名","～结构；～成性；戒～","中性","合理的膳食对维持身体健康至关重要。","A reasonable diet is crucial for maintaining good health.","Formal term for meals/nutrition.","","伙食"
"Chapter 9","失衡","shīhéng","失去平衡。","imbalance; out of balance","动","营养～；～营养；合理～","贬义","这种饮食方式会导致体内的微量元素失衡。","This way of eating will lead to an imbalance of trace elements in the body.","Loss of equilibrium.","","不平衡"
"Chapter 9","祸根","huògēn","出现灾祸的根源。","root of the trouble; bane","名","埋下～；收支～；心态～","贬义","不健康的饮食习惯是许多疾病的祸根。","Unhealthy eating habits are the root cause of many diseases.","Origin of disaster.","","祸首"
"Chapter 9","应酬","yìngchóu","交际活动。","socializing; dinner party","名","忙于～；罪恶～；铲除～","中性","他每天晚上都有应酬，很少回家吃饭。","He has social engagements every night and rarely eats at home.","Business/social obligation.","","社交"
"Chapter 9","硬撑","yìngchēng","勉强支撑。","hold out; keep up despite difficulties","动","～着不去休息；～多；忙于～","口语","生病了就要休息，不要硬撑着去上班。","If you're sick, you should rest; don't force yourself to go to work.","Struggling to continue.","","坚持"
"Chapter 9","天长日久","tiān cháng rì jiǔ","时间长，日子久。","after a long time; over the years","副","～见人心；别～；硬～着","中性","只要天长日久地坚持下去，你一定会成功的。","As long as you persist over a long period, you will surely succeed.","Enduring duration.","","长年累月"
"Chapter 9","恶果","èguǒ","坏结果。","evil consequence; bad result","名","自食～；～地坚持；日久～","贬义","破坏环境的行为最终会产生严重的恶果。","Acts of environmental destruction will eventually produce severe consequences.","Outcome of bad actions.","","后果"
"Chapter 9","屡见不鲜","lǚ jiàn bù xiān","经常看见，不新奇。","nothing new; common occurrence","形","已经是～；酿成～；产生～","中性","在网络时代，信息泄露事件已经屡见不鲜了。","In the internet age, data leak incidents are already a common occurrence.","Seen often.","","司空见惯"
"Chapter 9","延续","yánxù","持续下去。","continue; go on; last","动","～至今；～的事；～现象","中性","这种古老的传统一直延续到了今天。","This ancient tradition has continued until today.","Uninterrupted extension.","","持续"
"Chapter 9","全天候","quán tiān hòu","满二十四小时的。","all-weather; round-the-clock","形","～服务；～到...；～下去","中性","这家便利店提供全天候的二十四小时服务。","This convenience store provides round-the-clock service.","Continuous service/operation.","","全天"
"Chapter 9","熬夜","áoyè","整夜不睡觉。","stay up late; stay up all night","动","经常～；～营业；～值班","中性","为了赶这份报告，他昨晚熬夜到了凌晨三点。","To finish this report, he stayed up until 3 a.m. last night.","Sleeping late/not at all.","","通宵"
"Chapter 9","宵夜","xiāoyè","夜里吃的简便饭菜。","midnight snack; supper","名","吃～；偶尔～；不要～","中性","看完电影后，我们一起去吃个宵夜吧。","After watching the movie, let's go get a midnight snack together.","Late night meal.","","夜宵"
"Chapter 9","满满当当","mǎn mǎn dàng dàng","形容非常满。","full to the brim; packed","形","塞得～；吃～；约～","口语","他的日程表每天都安排得满满当当的。","His schedule is packed full every day.","No space left.","","满满的"
"Chapter 9","透支","tòuzhī","消耗过度；提取超过金额。","overdraw; overexert","动","体力～；装得～；排得～","中性","过度劳累会让身体处于严重的透支状态。","Overwork will put the body in a state of severe overexertion/drain.","Using more than available.","","亏空"
"Chapter 9","张弛有度","zhāng chí yǒu dù","合理安排紧张和放松。","strike a balance between work and rest","形","做到～；精力～；信用卡～","褒义","科学的学习方法应该做到张弛有度。","Scientific study methods should involve a balance between work and rest.","Literal: ""tension and relaxation in measure.""","","劳逸结合"
"Chapter 9","基因","jīyīn","遗传信息的基本单位。","gene","名","～工程；学习～；劳逸～","中性","科学研究发现，人的身高很大程度上由基因决定。","Scientific research has found that height is largely determined by genes.","Biological unit.","","遗传因子"
"Chapter 9","遗传","yíchuán","由上一代传给下一代。","heredity; inherit","动","～特征；～突变；～决定","中性","这种疾病具有明显的家族遗传倾向。","This disease has a clear family hereditary tendency.","Biological passing of traits.","","传代"
"Chapter 9","吓唬","xiàhu","使害怕。","frighten; scare","动","～小孩；～病；～给下一代","口语","他只是在吓唬你，别当真。","He's just scaring you; don't take it seriously.","Intimidating (informal).","","恐吓"
"Chapter 9","语重心长","yǔ zhòng xīn cháng","言语恳切情意深长。","sincere and earnest; meaningful advice","副","～地说；～人；别～","褒义","临行前，老师语重心长地嘱咐我要好好照顾自己。","Before I left, the teacher earnestly advised me to take good care of myself.","Deeply felt speech.","","苦口婆心"
"Chapter 9","灵丹妙药","língdān miàoyào","比喻解决问题的办法。","miracle medicine; panacea","名","不是～；～地嘱咐；～地告诫","中性","运动是保持健康的灵丹妙药。","Exercise is a miracle medicine for maintaining health.","Cure-all (often used figuratively).","","万灵药"
"Chapter 9","均衡","jūnhéng","均匀平衡。","balanced; even","形","营养～；没有～；找到～","中性","我们应该保持营养均衡，多吃蔬菜水果。","We should maintain a balanced nutrition and eat more fruits and vegetables.","Even distribution.","","平衡"
"Chapter 9","开朗","kāilǎng","乐观，爽快。","cheerful; optimistic","形","性格～；饮食～；发展～","褒义","她是一个性格开朗的女孩，大家都喜欢和她交朋友。","She is a cheerful girl; everyone likes to be friends with her.","Sunny disposition.","","乐观"
"Chapter 9","平和","pínghé","温和，和气。","gentle; mild; calm","形","语气～；性格～；活泼～","褒义","他在处理矛盾时，态度总是非常平和。","His attitude is always very calm when handling conflicts.","Not aggressive.","","温和"
"Chapter 9","神清气爽","shén qīng qì shuǎng","精神饱满心情舒畅。","refreshing; clear-headed and refreshed","形","感到～；心态～；态度～","褒义","清晨到山里散散步，让人感到神清气爽。","Taking a walk in the mountains in the early morning makes one feel refreshed.","Mental/physical freshness.","","心旷神怡"
"Chapter 9","倡导","chàngdǎo","提倡。","advocate; initiate","动","～文明；～环保；～节约","褒义","学校一直倡导垃圾分类，保护校园环境。","The school has always advocated trash sorting to protect the campus environment.","Leading a call for action.","","提倡"
"Chapter 9","精辟","jīngpì","深刻，透彻。","incisive; penetrating","形","论述～；分析～；见解～","褒义","他的这段话对这个问题的分析非常精辟。","His words were a very incisive analysis of this problem.","Deep and accurate.","","精深"
"Chapter 9","金玉良言","jīn yù liáng yán","极其宝贵的教导。","golden advice; pearls of wisdom","名","当成～；牢记～；句句～","褒义","长辈们的这些话都是金玉良言，你要记在心里。","The words of your elders are all pearls of wisdom; you should keep them in mind.","Highly valued words.","","良言"
工作狂
拼命三郎
八九不离十
代谢水平
耳边风
吃老本
人在江湖，身不由已
朝九晚五
日出而作，日落而息
反其道而行之
三高、脂肪肝，颈椎病，神经衰若，心脑血管病，肿瘤
买后悔药
金钥匙
